UR_Difficulty,UL_Difficulty,LR_Difficulty,LL_Difficulty
18.088043463017648,0.0,0.0,7.6140576706776075
4.233308343071688,0.0,9.728087090622576,0.0
0.0,8.16983600497145,3.630779599251884,10.033380773402829
4.637196837958384,1.185680017085934,8.475730270241623,18.72417087505861
0.0,8.359319004159854,8.02783360162047,6.876696827292469
8.404417075488967,0.0,0.0,9.869351282562972
5.415957183371632,0.0,15.518709817079047,0.0
2.0529613436402157,7.224906168663179,17.997501531621776,14.520233928642751
2.5891366920534877,6.6189541614207394,0.0,0.0
4.1480252995657665,2.6674218295473535,0.0,5.201725540049619
11.849867101670895,2.153570964497419,0.0,0.0
10.09516805029297,0.0,0.0,0.0
11.365519308472232,21.298744827324732,1.2520451306307905,0.0
15.47642271730698,9.985954808034746,0.25041307136301677,0.7813783884939209
0.0,3.5908167874781904,5.0693258326559105,29.144063599811233
1.425157219773381,12.188355441982539,4.714213309947196,6.957830929568167
0.0,9.263476191772906,3.707138751919701,17.989227298372565
4.328414151143656,0.0,16.891682085239577,0.0
4.683892614380267,4.3358960772345965,3.3689355111669075,15.667967298912822
8.664892248476061,6.15292280747846,13.587603255363307,18.273006934016152
7.629381093292505,7.097080003902563,8.431406061414167,0.8994981780358177
14.886987210017738,0.0,13.976170972916542,4.7860772300220065
1.721720585747122,4.350839480657987,13.231103616960004,0.0
0.19961032853973806,0.9288817722423874,11.690298522736821,0.0
0.0,10.93109009722194,0.0,0.0
6.891030231877321,2.3386204776872233,20.638754477292792,0.0
6.68453509286916,4.986806624718328,0.0,8.304731578339949
9.219499792727387,4.010814500368976,21.45746733921854,6.901841260130093
14.813785518478687,9.4908577414133,0.0,0.26044649286894833
5.356145624229859,4.60703364614601,5.451688824968564,11.090969480680855
8.421308358835883,2.3386467754187192,7.3005245810813,21.259119601272594
0.0,2.7443348900693167,18.912416725562768,15.88296223506173
1.2207396686006677,18.56438371187459,6.6949238185719455,1.1924057584189076
0.0,2.698386155813048,2.445436501639305,13.623747503190136
5.497798246176831,5.00025472512421,16.371148237477264,0.0
2.5196134896601254,5.128464712715201,8.751769632709715,0.0
0.0,1.2641108479867824,3.7425958788870433,2.2494776218882904
0.0,0.0,0.8453920683055313,4.409723683458408
6.306617946536581,0.0,1.114366777595192,0.0
4.358203983174357,14.302158003286236,4.748593045409243,0.0
0.0,3.5668985480288136,7.988091800622578,24.415550453858557
18.89117108111422,3.4767969869673276,1.9379250535270478,0.0
0.0,0.0,0.04174981322645793,5.963220943619579
4.434553126751893,0.29804900388699623,4.4707462755097795,9.959077297918542
15.714275980504114,0.0,2.476275393968434,0.0
5.431716891578724,3.874982590285421,20.439787419931946,12.040472633403239
0.0,5.774575769724584,21.312323878088076,4.813530047429724
0.0,0.0,7.5712345893698485,0.0
0.0,11.731047557143896,11.543612774983854,4.5530139394314055
7.775328603847283,13.41081872180468,12.26221790441906,12.467914726315268
18.762838508204023,0.0,2.668442850605155,13.304439355117335
6.307129089698161,13.447040811973656,0.0,15.24204081482673
11.515915155244294,2.2627960246305707,0.0,1.2663044837043675
1.117086601402642,2.784826930746203,8.096662359117524,2.5744153197114126
6.6741710364344815,25.629653160452378,3.7810809112739645,8.655711908939104
11.534660297382546,0.0,0.0,6.650444421881031
0.13712207024620585,0.0,4.601150340050123,4.222105423629014
5.787248802743028,3.423740075218867,0.0,42.22082087317801
10.529251781771086,0.0,7.347702730933864,23.09340996646021
0.0,0.0,4.124752320654773,0.0
9.470187016265937,0.0,15.481448121481392,0.0
2.247696399684365,0.0,0.0,0.0
10.076030471011801,33.0997248852307,2.3625286109780617,5.213661257493259
19.316551366996954,5.24233046885173,7.834196394539449,31.358042382871535
4.58228770929621,13.198277277743236,19.86949940473754,0.0
2.1871576307583642,0.0,5.227733908004226,0.0
2.830454615407405,0.0,8.711172602659365,3.466311531797095
3.8698764843117255,11.746119256474769,16.859189569192832,0.0381447625997763
6.687017527869659,0.0,13.699064357456589,13.159992619520008
0.16765491916132194,7.651834273399597,0.0,4.696713431651236
0.0,0.0,17.200471310574233,11.287924101179495
15.534281747070535,20.463844486539635,0.0,0.0
0.0,18.155744990496615,2.810946163679938,16.330783265675517
16.37473873769167,9.034361922201999,6.931785140838331,4.401564856346798
0.0,0.0,0.0,12.033368843369797
0.0,17.76570818037688,14.897998032296089,7.66766386472758
0.0,0.0,11.763813020980352,26.182499018577936
1.258661630293526,0.0,2.617447072294313,18.842571160130532
7.64522011608662,10.767763464819748,13.455287200918692,6.875638822975275
10.817377229210049,16.794251953323293,0.0,5.9467339086491755
17.093493035046336,8.992857862739553,15.504562152677776,1.8464568758180389
16.225812139351245,1.4721752784808033,12.323450952591953,12.23163627221923
1.8814296087619629,0.0,14.754314002086405,2.2962277418900037
0.0,0.0,2.5542092073110405,5.547842760196946
12.345413662487632,11.25244988516552,0.0,14.703099030200299
11.352533466366184,14.398324403953303,14.01038169367651,4.0331744563193554
0.962000500552075,0.0,0.3482235179418831,0.0
0.0,8.32283435585486,15.822219123527617,8.728070553015275
17.20352889696454,0.0,0.0,0.0
0.0,7.389568418564655,22.578977303369808,6.319469524917524
8.749649901671923,3.7940999066239747,0.7618537597507081,0.0
11.359296587157154,0.0,0.0,0.0
3.6230597642114724,21.389824688125508,0.0,6.563072136583408
0.0,3.4711224156897154,4.39636865110131,6.07042558244071
12.775116817251593,0.0,1.442482630118693,18.267223665832578
10.230573270234942,1.1522797965996223,4.2978753915519485,13.184253835932914
8.74409769961157,26.740007553029752,0.0,8.180367638580778
0.0,1.999009196396252,7.511063883949218,0.0
14.196611708184653,0.0,14.130177418145545,0.0
12.044265001678445,0.0,15.71273513443914,23.38974376827522
11.565850050500613,1.7384501027216337,19.73902405917451,11.46129599632624
8.570706425518612,4.667008041684391,0.059987124153412105,7.390862936885049
6.374264072592854,4.077509267222417,0.0,0.0
0.7231376204208045,0.0,13.97321918356597,9.749883648931574
11.16335467654694,0.0,14.738701590798113,0.0
2.933531909456598,0.0,10.730443837082921,5.631891073735234
1.9583983575871868,5.979826867357957,0.0,15.126402918613806
5.337618589898715,0.0,14.731810276322374,0.0
3.5955176546918333,3.9290794379456186,14.212457133160285,3.602515557500195
10.521518531632175,1.082436095359617,0.0,0.0
0.0,11.664680197452899,0.0,4.048907684961133
4.022684515148504,0.0,5.968347429415578,1.8139588970645486
4.862996963299327,8.337218234162723,0.0,12.267507763843147
11.617547650113313,10.446040350007348,10.815785295599602,15.576496456972972
14.07563671282112,1.9566332049305675,3.54066158327723,0.0
0.0,0.0,1.1985142090464447,0.26492553548774556
15.08204829668173,0.0,0.0,0.0
8.088926046355027,2.1255710062328577,13.337307590915653,0.0
5.170086208249479,7.66584400447131,0.0,9.224353540697907
0.0,3.886554289458388,8.904030591141897,10.619154853178134
0.0,0.0,8.205912876791452,17.75848907118157
0.0,0.0,18.25369820051239,0.0
4.834938962910559,4.234359596610127,18.934434195853417,3.719593838303725
0.0,12.02640457017101,13.785974999002736,13.8293336632922
14.26976861765292,0.4721940705951793,11.60793221835485,17.035368005670076
10.767223888605711,7.370516489256487,0.0,4.800158443500077
0.0,0.0,13.42003034060194,7.9242710840048955
1.6638706178008413,0.0,2.3578855803656866,9.387629956234468
11.908781872309834,9.612829971038462,13.29758421124371,3.980798756787167
0.4766985356328172,2.7667423667298614,12.423600953167814,0.0
12.04010136845325,3.325147099610818,9.935083085006958,0.009167881404537684
5.673966416756752,0.0,17.96689669715846,0.0
4.993611362469973,15.389165127994008,2.6114082798656013,0.0
4.183698154699138,0.3707223530752655,0.0,2.9453933062472104
1.8969945822153298,1.5021417897155458,0.0,0.0
2.180534842462446,0.0,19.163583615267417,13.950372787732551
0.0,6.455473114588407,10.275720223832815,0.0
1.3923382140559557,0.9673521092875264,0.0,4.0837782762581485
16.15569819295305,5.525233479685804,1.9579837138634826,3.9757978398078597
11.267838068058714,0.0,1.731699600711615,0.4593721085931769
0.0,3.696468978098936,0.0,11.196635317967042
0.24943703628733385,0.0,8.074099107504834,3.294220991736102
5.3450170582420835,0.0,0.0,0.39518447308439586
4.250121350669707,14.99342732743492,0.0,0.0
4.120413433370908,4.898490420792559,16.868722070932254,18.406151092697137
9.86512155992436,0.0,6.884219796970274,0.02527092452289428
1.2732767942354433,0.0,11.769041154592443,9.584045584135792
0.0,2.350046272117582,10.170569130621457,13.998343251313623
6.6908430666240495,5.637322841937302,7.07445011974365,9.549059353223534
0.7060310917021722,4.343291546553865,0.0,0.0
0.0,6.661352809626957,17.723109929575372,6.80287011435184
5.710401564515381,4.082729068308241,5.3775864485400415,0.0
0.0,4.088378603543174,8.186440836377985,7.5333245834463485
15.25590113765613,4.401331428448019,16.131165873223594,5.998009074514593
16.826798635294544,0.0,0.0,19.57812227645055
13.682575275375438,6.737108025070229,13.986818704492114,4.1930068589771325
4.772411712920197,0.0,9.2643032544708,0.0
5.91741184152802,0.0,13.769311846764666,0.0
0.4403201831323604,11.018780205638876,5.808417741688528,0.0
7.686733701887416,0.0,2.3090554557287417,22.60427949437167
6.4126779491128865,0.0,0.5048807202382963,0.0
12.055212036085981,0.0,0.0,16.526957560305817
0.0,13.205716397641979,1.5747586823797068,21.20757478297239
0.0,9.695730732193654,7.908555109351853,0.0
11.924653059163878,1.3781808343514441,0.0,0.0
0.017370302134654774,0.0,0.0,0.0
11.055568524596627,13.868801080431693,0.0,8.900742470281612
5.558370014438455,0.9323566758447622,9.166716259954876,0.0
0.0,0.0,0.0,15.901582424122997
0.0,0.0,0.0,4.128195415808402
16.212204034597892,0.0,12.24160764392889,8.054274907211633
10.535860517939863,12.012414053779574,4.802561420192035,6.519000689541499
11.540969148089744,3.8610040540376387,9.809226920289674,0.0
11.291813285663896,21.004740370975707,12.595703104172744,3.8373010132764542
3.1767747817816296,11.484368865483143,16.72141362392943,0.0
12.600288220557795,0.0,15.03529865729226,19.224656137599283
0.0,0.0,1.0274392324060664,14.621773413005426
10.10186263856112,2.426965818917882,2.4388790548829604,0.8528180195563868
16.893078552217798,0.0,6.437884048411682,15.166127247356904
7.292748356661454,13.675794862337684,6.314358671143265,5.130256625321865
5.911914980131565,7.831705081631781,5.574485886058998,0.0
0.0,0.33229508216652165,0.0,10.529126295757017
4.527670944045011,8.741449519569631,0.0,12.383262974045804
6.46243248598548,0.0,2.4100896894942423,4.451793784275467
7.270227485685365,0.0,0.0,0.0
0.0,0.0,0.0,12.642318291161036
6.431520527961463,15.752633291788047,17.652135010867124,0.0
0.0,24.253417960793808,14.190168272246627,5.7232725285509245
4.385474867595203,0.0,0.6216385066684236,17.62729331979917
8.350768117957367,0.0,7.808724208825895,0.0
12.301047805660204,0.0,0.0,0.0
5.124970222213929,0.0,6.04158066977963,0.0
0.0,9.793394307955133,4.249398365816364,4.054290778751454
0.4755423132519989,4.531965246523961,0.0,11.134614143303907
7.836548404565344,0.0,6.055953820517459,15.172742796501602
0.0,2.142619159715364,0.0,8.4046344373573
10.454945111552425,0.0,3.6867551459744443,4.47573782856316
0.0,8.662196984017058,3.770141085494075,0.0
0.0,0.986555020256399,17.92812792045307,0.0
7.51988618199058,0.0,12.179168994776001,13.799943305161356
0.0,0.0,0.0,0.0
12.176088313915242,2.7631693445458683,3.947567682237325,2.742137285840937
8.802310596795571,5.838053610928097,11.107748404911286,0.0
6.906561816739695,0.0,5.68867031257523,3.7600018495300223
19.166764206001087,0.0,18.232080808694764,4.939113927237566
5.0657839776068165,0.0,0.0,16.81721948560451
0.0,0.935316388817869,11.430430134134989,10.083346722600888
8.98398941896154,2.4583304821416703,0.0,7.17570049299476
4.798136727978144,0.0,4.404306911421222,0.0
6.071451497018872,0.0,10.847193236256402,14.541422763128052
6.542911185620091,9.138786416280997,4.973227578849643,0.0
0.0,2.609423647880438,9.09682779104553,7.109704241570777
17.306285679623564,3.259640067388806,16.726609789652066,3.2320152499532337
0.0,0.0,6.742458559335313,5.585294695834808
0.0,15.551987013938609,1.5285932012749939,1.5752415033315974
7.621816520983936,3.799498804397232,14.727087692320099,0.0
0.09830161523569286,20.98951824479342,1.420222120091537,10.155273787031936
6.0448124109370855,0.0,12.884810008927047,0.0
0.0,0.0,7.050551375988944,6.359893736890242
16.683535612461966,14.145514999583206,0.0,15.89077964301445
3.3828120523416687,0.0,0.0,0.0
2.6590474506588175,0.0,12.170999385805729,0.19356441010938122
12.174728345709603,0.0,0.0,3.8605327617005125
6.552840752676171,0.0,0.0,19.84208979551927
0.0,0.0,10.66309107280396,1.1399400593051796
11.388024000132804,0.0,0.0,10.204191413611273
0.5051963002247499,0.0,14.115121748272538,0.0
11.774151697881539,8.474404766090453,0.0,0.0
0.10101872500988104,3.292944845712122,4.581620367154993,18.83803442879448
0.0,0.0,1.0839815617486008,1.7615640579838716
0.10883590561016279,0.33700145304884793,2.028933771251791,0.0
10.319628310315935,3.283412052459107,7.815332894056598,14.703137075574318
6.4990913125753815,0.4689685321063524,5.4593052918968565,0.0
0.0,17.400014869790084,0.0,5.134630233985239
5.710351835553596,1.1556983442025957,10.456771715338398,7.275427422567721
8.394210035849738,12.083997056588267,17.565852670811996,12.71993773552915
7.475322111755207,2.8867255935951643,7.373453499605348,0.0
17.463661537579554,0.0,0.39884666642967415,16.165656659705473
2.47388836492917,11.237086366618255,3.318225797336591,0.0
9.065889776923397,0.0,3.1766887659097747,7.323291349746757
9.594943333457891,0.0,6.636720156306663,0.0
5.622383931573698,3.4156146658745943,17.450973529409637,11.959187442836425
12.441743580271654,3.5507214662334237,3.749043896501822,0.0
0.0,4.991898164332155,0.0,0.0
12.306279791820593,3.369185770880252,0.0,11.452793779534082
8.058089853850497,0.0,0.1269004495404657,5.200499733043272
9.655220731613097,0.22711652556170703,15.609991281259605,24.86243978422505
0.0,8.96359809308871,17.21778656676631,0.0
6.163072422895188,0.0,12.577899892025497,0.0
3.859731164091098,3.768566946491801,2.9568273772336937,21.75045464630577
3.0685529821743747,9.367416355272425,0.0,18.110038676933065
6.755590970281325,10.393648724359993,12.028900164672379,10.814851777849618
14.784098631004216,0.0,4.831933907665192,7.091534971408269
2.431910509259382,0.9467369189449536,4.261061021710586,5.556075750945308
6.910698154063917,3.8180846737858514,11.719932735293163,6.8353304564315955
0.0,0.0,0.0,3.2107413994994816
0.0,6.485215237562589,15.139018324500897,10.500944166516414
19.97568756301953,2.7442299974869453,1.8573262522228122,0.0
3.242567671718664,0.0,11.392904329402645,42.84758315515361
0.0,6.657163119689536,11.496753166499142,0.0
14.01173872750122,5.630223976005413,3.233120186363878,0.0
19.226203729588924,14.294880548900876,3.988832148041586,9.88272048295905
1.6471467807700175,3.37302333949214,1.7525160969163915,8.657821065974149
0.0,0.0,0.0,0.0
14.002278323239649,0.4234381983339252,11.270348171161274,7.497800782620892
0.0,0.0,13.91719888920563,0.0
9.300147309011901,16.964131934251945,15.104913695235414,0.0
7.389352079718644,16.17129641796165,6.237610909456491,14.135921713483974
0.0,0.0,0.0,0.0
0.0,5.3723191927608305,2.1494989317442186,14.306233144991072
4.584461808388194,0.5174381522650758,14.502965441000427,1.0108664451971265
0.0,1.0323495710476398,0.0,6.137275042898038
6.757629493570235,2.891714771912639,2.5506048942698296,15.476329335029241
5.85272168163026,4.948670448103342,14.330227316101873,0.0
2.8139505481903817,0.0,6.55116561211384,0.0
8.391872357724788,2.636051364592349,18.29298268096925,7.097875029417674
11.419121435175171,0.0,4.937718420004842,12.264712405431647
14.989103037514441,3.017600213014232,14.544355174862984,7.60848798341151
2.2810251349239374,0.0,0.0,13.67059058381443
0.0,0.0,0.0,5.09372529533581
10.762197015166434,2.852543790142635,0.093587413713966,0.0
0.0,5.116894774081612,5.782535326056326,1.188652591576469
6.242685970214151,0.0,0.0,1.2711101107101057
0.0,22.641133570599823,2.4579468306128676,26.241866325342038
0.0,0.0,7.932350488866326,0.0
15.723606886685653,0.0,0.0,0.0
0.0,0.0,22.84624876478975,6.912105350607967
16.97175816237236,6.328056865904013,8.931510463293518,3.598237118926111
9.64536892102406,0.0,3.1024054852064253,16.45669311579603
4.263539561477256,2.6604259341609837,10.612837262169899,1.5392654128938332
4.217320839697344,18.627734427954277,8.192133249981246,8.184719822803372
9.993815085602732,0.0,6.597911918804072,0.0
7.763856882727914,14.70222545900668,3.1277656414058326,0.0
7.936829629103553,1.798823123725554,17.00789466251143,0.0
17.681047953250363,8.499436045502023,6.960803369411045,9.36465954609516
3.324748018988206,5.00269396101496,0.0,5.461963896093031
3.675336332030752,0.0,1.8177224511360732,13.292168321771385
0.0,0.0,0.0,19.80569995115104
2.305700978033831,7.827578962858924,6.809965021499746,12.082521449915852
8.44488655183403,9.809444995576785,0.0,9.307038921509156
6.712151353443718,19.362322397235975,0.0,0.0
13.021302836277453,0.0,11.518059004581927,0.0
12.863939906939109,1.5248413675099781,6.839795275595347,1.6592064234117379
4.069096670360538,9.067832048365574,0.0,12.26631487738497
0.0,1.3252258915498252,16.913006352499444,6.354568074164437
5.903385137493559,4.491101416848944,13.431922169342686,11.440660173605377
0.0,3.6644283570466554,7.634366383047694,0.0
14.891803909183967,1.2717600326141556,4.193763081323839,14.26646302975774
0.0,0.0,1.6389381442866062,20.069198062833163
0.0,4.474420409017957,4.557980247008017,0.0
9.560517554292556,36.045750454091745,0.0,8.613846760032589
5.068183582237025,1.6257293917154432,16.458253218599644,5.288808039707974
4.162978917417146,3.9571530540584607,5.872418969692515,7.399114467535437
0.0,1.0135334175171011,7.856209126088763,0.0
0.0,12.642514729767553,8.264716292921097,17.63668292547613
0.0,3.730511570263233,0.0,0.0
3.6877033871080207,2.8310161879154903,13.149962759547902,7.00724202585181
8.990654846114248,16.91079873075864,14.597018105590623,0.0
0.0,0.0,1.6381334293642842,0.0
26.497092799861466,15.153956485663416,0.0,0.7699550230943415
0.0,6.187616030532597,17.99195131118948,0.0
0.0,21.42346424047726,0.9329969636801222,8.704469420732329
3.500040858933833,0.0,19.759138783693533,5.5646315078515585
0.22055916387938282,2.019602298094643,23.51951584894518,0.0
13.91832250715952,16.764475921431536,14.972200633510862,1.630649044946832
3.0139570079735565,26.213907633178618,14.812243460524464,0.0
10.832876967421992,0.6855870250700619,15.467445743188069,6.254001215925401
5.154637207287734,4.788579364553103,5.217018379549593,0.0
16.279280745184657,2.4614122640988185,0.3774384452675016,3.2172088875045803
1.059781515029621,16.03987309976619,4.872829132960511,19.08737990484183
8.424036074499309,8.217741353236368,1.773043775848388,7.843116481028415
0.0,0.0,0.0,0.0
12.063043251989207,7.873996694673516,3.842544224522567,6.5383967691610385
8.350927295691179,4.820201463928898,0.0,0.0
0.0,0.0,0.0,3.737976355896902
6.725212916285674,0.0,2.6087339758356567,15.52372719623173
6.425515394997083,17.609117324396674,7.78610231718105,8.812225578954262
0.0,7.920950719445419,2.3365131128865597,8.113580452274888
2.4501321419493074,1.6797350576315673,14.351238318492175,0.0
4.540529557794707,30.749812121388914,0.0,10.852445162992828
7.245578864862586,4.655203189603326,12.890000184146247,9.132513199667798
3.124054586137558,10.760747154617826,0.6520329459258717,0.0
5.96484310712467,0.2981899443705719,3.541731993641772,11.324091790743323
0.0,0.0,6.460101559679247,3.2619721489108087
8.373004238367106,0.0,10.170100883874811,0.0
16.822839250212137,1.0391013548588561,7.333241432151098,0.0
15.977827096356224,12.233611964488226,5.8891014583407255,0.0
11.990936967050905,10.092949504913758,9.185529502588025,0.0
2.023857749840468,0.0,18.50441848200964,2.1915859556949524
11.284327597044081,9.435774297793813,0.0,0.0
12.354273413036053,0.0,13.507720337455813,0.0
1.9590465988120935,11.176331023211064,9.045144636640797,11.282108923595372
14.498133859505526,16.328475421253504,2.4326833378850052,12.889858219713084
11.37355698960169,0.0,3.6273580932181475,4.136899700612407
0.0,2.5216757061364743,15.781532959720842,0.0
13.0406174328623,0.0,7.865658668711122,15.403122146724495
13.631212143193597,0.0,6.737673816796181,0.0
8.922585963516987,0.0,16.07768223783292,0.0
0.0,0.0,22.65633675598435,6.929495981344463
7.298250615268353,13.639453431640446,10.921042151112191,11.144955634043646
11.861487615333878,2.2743176193845085,2.456887351177058,15.31120246644586
7.922774672207868,12.345510073635364,3.92718182071509,17.83191693217865
3.4856973310888417,15.539273806224278,0.0,11.436756485373405
0.0,6.322441148578947,0.0,0.0
0.0,0.0,0.4601454232627314,12.52802214897965
2.1831017029706374,9.59366165734194,2.8051361515394593,4.551738680755134
5.10969737422222,12.15298232845305,0.0,1.5071044381919465
1.225257287735296,8.66991507187246,2.7086408692669686,0.0
0.0,5.749811496661337,2.8417584528095903,18.0338678829362
0.0,0.0,10.482565011446349,11.815455276880156
19.93377739636148,2.3135795832218875,17.28970419852538,13.767586487665854
9.970430020944374,0.0,0.0,20.75365310387012
8.191542812802265,0.0,4.232841592879638,0.0
0.0,6.677956527569369,0.0,13.178971447797007
6.629074772627049,17.734858639111714,10.861400145264342,1.4111182000282463
0.0,0.0,19.458790963459098,1.4078390431968621
0.0,0.0,5.07128933301261,20.865930332769185
6.189614950468282,19.59741207415458,0.0,14.858915326215907
0.0,12.428745528841121,0.0,0.0
4.500509103270546,14.833192576577664,10.091842616800493,17.575142338066122
0.0,6.980010827059366,12.195147716042856,16.786716957760422
0.0,9.792106665911037,0.0,3.4969663446423347
0.9565639001299522,8.809103452566243,9.850706234746935,0.0
9.698673415132392,5.721245794284309,0.0,5.057099272449439
6.720483298812719,7.803241749121835,0.0,7.860324395444779
3.2026267998752003,0.0,10.365051373321679,1.8343171064427681
13.5315871215156,14.453911183922914,0.0,8.41123675810194
0.0,8.580678807404045,17.28476261474374,0.0
0.3683296716027123,0.0,12.574757161240605,0.0
2.049010861650793,4.0829641635518215,0.0,4.893283214382164
3.0812244422720707,5.622835864895659,16.75003621267968,3.4470325612331054
12.598604634880415,2.718386436019202,13.680393224921756,17.697698992604145
5.065804085167031,3.477839150555619,10.455862471476568,0.0
8.331831822802924,0.0,7.02463816932211,13.978385017918045
8.503358339292797,25.174880577728747,0.0,5.690017788831598
0.0,0.0,0.0,8.711436036735225
0.7281123682460446,0.0,8.392144926579054,14.135986538533393
0.0,19.99014432554467,7.4235409955461895,15.613948338836636
5.917441735380837,2.7924506719201885,3.2523678378142495,1.5451941301046443
3.245234506021302,5.936420367191556,13.780278932054934,4.014357538897569
0.0,0.0,9.914968151495724,0.0
7.147471397922238,2.44889947934203,16.663901403033652,0.0
0.0,5.577476337828446,5.07114600263053,0.0
0.0,0.0,0.0,20.186184758252292
0.3962020466557175,0.0,12.445149926185799,0.0
0.0,0.0,13.37240178208405,2.7429360433139274
0.8125556371094921,16.0809042182315,14.757713731609845,7.12985403308377
3.140962545977218,0.0,8.091617475930397,5.533543303834523
0.38732666640550373,3.0576162188997436,0.0,15.737305800216024
0.0,3.34373284852257,1.8297206710716447,13.964561392581478
0.0,14.987885417068036,4.6853251587502385,0.0
0.0,3.6152608952417835,0.0,15.464222478012415
11.98793770238907,0.0,11.222211785863426,0.32631886860213055
0.0,3.2068970745863217,11.13900006112765,0.0
5.183888806455189,5.241168139902389,5.014953006625037,0.0
10.608923211894544,1.9206950987527194,9.931592938226038,17.021573026495364
0.8679487412935589,13.439298852910216,8.466519359572816,6.244876914370349
0.0,0.0,9.33514641673011,18.782083037393726
4.739181724778784,0.0,1.3290481943609977,14.531350980716537
2.6970787714783033,15.359541469423641,0.0,13.593106073774045
10.479483818709669,0.0,4.080536138419844,3.537653208096584
1.578199979282819,0.0,15.17204921987153,12.666972913168532
0.0,5.154520845338098,9.195095872046176,0.0
0.0,0.0,6.00772774644175,15.796704420397809
0.0,3.709518594863901,16.329568998786062,14.660093049329936
10.503880223368391,6.969292035297667,0.0,0.0
0.0,15.133037542925084,11.462614786405846,0.15962943911185642
9.428463434182653,0.5667555666056728,0.5119475834156606,11.573580923552854
5.566181650600661,0.0,10.363327699406994,5.294395322433439
0.710043023419714,4.679241515652074,0.0,14.890695834478457
9.161423703695249,0.0,0.0,0.0
0.014382569041884523,5.5422022608912735,12.944240119058048,10.444495608519192
5.87148565527391,19.72081743870352,17.968468652255375,0.0
7.145710116643662,7.573445123384831,3.444202984243869,0.0
11.903396483995394,2.349289404145317,7.768024791402636,0.0
13.954548198008315,0.0,0.0,14.642757921476145
0.1690565169716107,17.990916984719306,0.9149789803702144,17.309981400161632
0.0,0.0,0.0,9.874346942544486
11.650498479554399,5.296448544681924,0.0,0.0
11.045462566830059,13.941434828479604,11.15238749118078,7.63455138712741
9.18326818802876,0.0,6.955104797714711,0.0
2.2933284095785704,15.67768079369656,0.3515783929239789,10.4349885447484
0.0,0.8853904170117973,13.417841489127683,16.764991507627204
0.0,0.0,0.0,0.026209803521793563
11.320891247470533,0.0,0.0,4.679616627323468
0.0,14.137084286812962,0.0,8.34351310263786
6.846845118024423,0.0,16.500015708412498,4.796304644097256
16.17368019912151,0.0,10.709935459328035,0.8942917153178832
4.562491986892482,13.239529845700876,5.14428126544894,1.817085170704379
5.479074051990147,13.451353349675637,5.438704297186143,8.634016189285699
0.0,0.0,7.931331728815736,16.024084182556624
4.660884904390975,1.5280309620264234,0.0,11.321596707169295
0.0,0.0,10.8713976251927,15.400234830190437
1.7365669220345992,42.29452487572108,10.768739120995887,13.433883935352165
0.0,5.3098643303120765,12.246269892457244,0.9872083121267542
0.0,0.0,4.147466419180296,0.0
0.0,0.0,16.964944474639164,10.322509141166748
0.0,0.0,0.0,13.389945777373025
5.784700725796074,23.99220772799007,2.2371448733723853,0.0
7.904059037290196,3.7304764978583274,16.42566371672967,0.0
0.0,0.0,5.66706632477081,0.0
0.0,4.549375076989569,2.6461539420626847,0.0
0.0,20.696154799411396,16.5201145079563,18.850267701267203
14.398846657680036,4.102525533175499,15.410599999708854,1.9815073273591082
1.688343558938794,2.2444594060682466,18.237117462204523,12.954003516894113
12.902893374119214,6.003551941736139,11.316455884424855,7.0842508260594155
0.0,5.245006788015122,8.261069940311543,0.0
8.177521854804798,0.0,3.895590855831962,0.359262551394787
4.112070231079886,1.5741448140995378,24.546959637624166,13.71075534129028
0.0,0.0,0.0,1.2524090692265613
0.0,7.550957310979148,0.0,0.0
0.0,0.0,5.025895918753276,1.1154195787352663
0.0,0.0,4.265437264043721,0.6673266116621099
1.3737452418624372,0.0,0.0,2.0753834258795654
0.0,3.7361553922993176,10.880156934391565,1.634600369333639
3.3186496418810463,0.9439064021446696,20.74039356548704,0.0
2.9934364304184093,8.102984939567376,0.0,3.618914665545453
1.863223185850937,6.1559247377221915,21.717201892302935,9.219798013792031
2.4533442462262802,12.985000806517098,0.0,0.0
5.198331667782783,19.39224106790545,6.145717293689453,0.0
0.0,1.4939888083815862,14.163180448966246,5.761488136127566
15.169931949890275,12.309995089435395,0.0,24.084088795310507
4.424804622164566,4.791677221795393,9.174869869398503,0.0
9.864171533914664,12.049124921516063,0.0,20.080809567676255
7.469818221743265,12.68807966065992,17.72786814096886,0.0
2.5649109311240172,8.962924508163468,5.160201163249682,0.0
19.194947016876565,0.0,0.0,0.0
0.0,0.0,0.0,15.877178645401047
0.0,0.0,7.2859465277206334,0.0
2.3197689410806235,1.1820879422983155,4.914021222740656,0.0
8.556094996576642,4.559303262556635,0.0,7.211743890767243
7.831649410702649,0.0,4.438188521369419,8.606062070670143
9.639011273453528,7.56497295621153,11.303673903608876,0.6490884101365385
3.108363355850976,19.027302178092647,13.006190520561297,0.0
6.476873816867904,3.3134442488009026,0.6614361776794301,0.0
4.566156363451035,10.34766073773938,4.7348598894558,8.895480857967623
0.0,7.8564247394264735,0.0,13.166331680495976
10.528863417801075,0.0,0.0,0.0
2.4090989322561978,8.85954277559442,11.221245406514322,22.49400420393819
12.352357282710233,5.46859039041053,10.040637098319092,24.918078529169122
0.0,0.9843060409463782,0.0,3.0916377978862073
13.340348324679637,0.0,4.896201360991275,12.831962465991857
0.8787306167734563,7.384118830361046,0.0,0.0
6.584073071266927,1.531795913865423,0.0,14.822633959713087
0.0,15.79523541230978,0.0,16.539624604517574
0.0,3.352294637530133,0.0,1.9001754774985202
8.584501584979769,0.0,7.745738412859235,0.6199926181621818
10.530353362937666,3.765003614693037,3.6279778500534245,0.0
0.0,2.920958006425019,0.0,0.5070900834388635
6.73092652162566,5.606291382660114,11.017300632015925,15.93325391887071
8.194553488852266,4.1127284404498505,17.660617209462917,15.939219908117282
18.260706420409605,5.399498394647545,13.30069852351652,0.0
0.0,4.054098548790002,21.287189879603563,0.0
11.370328400266752,0.0,20.63764940914173,0.0
10.815191361633584,13.968850814021957,0.6589464352324675,11.192977185009056
3.3397540240433106,0.0,0.0,13.741323207600885
11.236057247881854,0.0,0.0,11.090083346307617
0.0,12.29698513345466,0.0,0.0
4.243014318726972,0.0,10.353963552055301,11.867649022184564
11.958274977461539,15.936996422713941,0.05990930625942598,17.367352412814245
7.301106527653469,8.97424497722857,0.0,0.0
16.901348822816324,12.912603037426043,0.0,15.602721987368461
8.26741167563035,5.028271097982713,29.87034148995983,0.0
0.9790143751759308,0.0,2.9025895673649798,0.0
9.301490121416053,11.058422841993782,0.0,0.0
3.0348447938472436,8.611598230278044,0.0,7.965247054574754
15.698667916694511,0.0,17.477208997711127,6.867904535588399
1.5418687725548814,14.679543193283303,6.256817948412535,16.544341626259186
17.087054450746535,7.999836060883983,1.9492723196187771,0.0
7.994643889871866,11.047225056841391,0.0,23.776048589041597
0.0,0.0,0.0,13.051327068942449
6.230162798795286,0.11991542284081402,13.448671869226136,6.971611414221074
7.0679510775073515,18.290880258953358,0.0,0.0
6.962463327952266,20.5229262848754,2.457283067880181,2.1937025178817784
11.41841287090382,20.230868426627147,4.499138858410655,15.20360259046704
14.366388146724265,0.0,9.015451243838475,4.915421873208296
14.310084384249034,0.0,10.080416723370249,15.081614937519227
6.18709491596905,7.965753590568613,16.943584652477252,0.0
3.0027221527372467,0.8446314410457516,0.0,19.163447159257874
11.5892642644145,13.13835593344815,5.663523472315102,16.76197577738054
17.62330177125968,21.072292814783804,0.0,8.523379488774673
10.054731613295816,2.5633188117222185,11.606902732695058,0.0
0.0,10.757736978585987,5.0859336261797,17.90280467699447
0.0,4.620167707295151,9.843308110561239,0.0
11.944335013843274,0.0,5.377025884903087,9.790795842998197
0.0,3.7355530123855583,9.097678583374988,7.998112828940156
2.919911413850831,0.0,0.0,15.935900852220312
17.564506488874763,2.9886350286460237,22.8162533494531,2.4064775862663175
12.96464138470818,2.9685534294551306,9.7751733041763,2.2512653732828505
11.937651907341374,3.3538661920703023,9.23966614062857,0.0
13.404465105262545,12.554473334185115,3.3281971416659046,6.004944880262696
7.095748150282799,6.1118286381160125,3.6268673031492296,10.598088916098293
4.073456083294922,0.0,26.243555484371978,7.657478456053104
6.889836189670284,1.739574805181731,9.011361507825852,5.235927257842485
0.0,1.8991961498144665,13.903901355293726,0.0
0.0,0.0,0.0,6.134222870698144
7.319055437231278,0.0,0.0,0.0
11.776442907152992,8.444144253579069,5.575117699832988,4.274083094831725
10.35166115058158,6.853182910809153,0.0,0.0
4.113733486842366,0.5400376101255356,0.0,2.6485588332410903
13.555175082298444,5.336607201670593,0.0,10.915402976134693
11.063253310166271,13.124811795471446,14.338184786981797,3.5951621256666515
0.0,2.2479339279332224,11.87315932610881,0.0
16.154316678120708,20.488034653651958,14.501420692874651,0.0
16.0214590044906,0.0,0.0,22.53775804473566
0.0,0.0,4.058873251665617,18.85436074474119
0.0,4.848222845484506,7.939401529051265,7.031623159455074
0.008374599109541183,5.890407926174594,13.895376100178735,0.0
8.750265265093734,0.0,7.763795852211778,15.648449405941998
7.559466279057887,0.0,2.7998647217804113,9.473379503947108
12.094464771475952,8.272296472677793,0.0,16.05444551997989
0.0,13.754325782167184,0.0,10.137445235287261
0.0,5.159502776387749,0.0,7.942836209929873
0.0,13.573929976868527,0.0,11.583876624583894
5.123627774239897,0.0,0.0,0.0
2.0902737038730432,2.9574725513211377,0.5465521152093428,19.113759355135123
1.5756416265160014,18.051721829218422,4.545072018752177,11.230243999404307
4.590333488630241,5.22500050794245,4.569476293766018,3.625927504903697
8.693670237748991,0.0,17.280895557179768,11.272147493030964
16.356238531657873,12.928159645816164,0.0,13.951142205007775
0.0,0.37692815532769786,0.0,6.013973308955334
3.4975107841824484,0.0,0.0,3.648767008304618
0.0,5.437865493679996,6.651088722546831,11.979014502560577
13.39507728619997,0.0,0.0,10.306945117068866
6.78008282251507,0.0,15.54570593196457,11.48077187154775
0.0,0.0,8.204501535782114,5.997725012812236
0.5627095019065023,1.7948989104769761,15.443444720152531,0.2708276094965599
0.0,0.0,5.768407929633529,1.5555821499332978
6.028397146765037,0.6259542694405301,12.788012627989277,17.608584206602572
8.264692133819452,0.0,10.498579647218829,0.0
5.886559318512237,24.665011675947955,0.0,0.0
4.70585134498829,3.215327796218913,12.547338591170128,8.176936893329973
0.0,15.87409549315774,4.50956494849237,0.0
4.8744821397888725,10.72524150815285,0.11992633002253304,19.897233660894425
1.7069395584214138,6.690490419742681,0.0,0.0
0.0,7.28630253127002,0.0,1.2942648600007516
2.978078186898974,0.0,0.8599888683208585,0.0
0.0,8.955270563665078,0.0,2.1912811042252174
12.904124417322492,6.8566400842983395,0.0,8.030028871743875
3.4666406529381986,16.221119986660714,10.112294019848596,4.324112028807924
0.0,11.189424039441834,12.621562574164505,0.0
0.0,8.510426160422124,9.684503204952064,15.925494361471383
2.6044709703272866,14.020498944315186,9.109914472689342,0.5305362866285854
3.7191203199416174,2.395370911474268,22.29934180320947,0.0
3.257045832275411,7.481967047869673,4.059753452532779,2.2792715197123328
0.6115026361360733,1.9533891050421661,12.710836739693361,10.62124369337207
0.0,4.6149925550037,9.001145665708632,0.0
13.622935422144542,1.4134718422213866,3.7427252498635313,3.6046845111161825
3.74324875836994,20.979138223995825,1.264987900944329,7.806359370153643
5.276019068510677,3.8726571472616773,2.684312075855212,0.25042145139138916
1.4561273691042091,0.0,0.0,0.0
0.0,7.711959220641886,24.678885601441056,4.256795035486633
1.7738840333295507,9.988756636148397,8.997269013299498,3.31373849443124
2.5416083709281674,0.0,9.063872561737623,13.761567063210162
0.0,0.0,0.0,0.23342002553030983
0.2826995025976687,10.995865403291218,21.664698282675882,0.0
0.0,0.0,1.5070027522741996,0.0
8.367920317615406,0.0,10.72385070972993,0.0
0.0,3.9936131628639586,4.797112476202048,15.673445758899762
3.87206042217995,11.056480733296677,5.578094391492781,0.0
7.418034018134476,8.004234881020297,2.428666837242736,0.0
6.777485391732183,0.0,0.0,0.0
3.425960826308041,0.0,0.0,0.0
3.686086182461692,1.6191677656949932,16.24723290014818,2.915519422412025
0.0,17.26239229360068,0.0,14.966813113019946
0.0,9.771507472484663,12.435995796183272,0.0
16.33500299442729,0.0,0.0,8.135143905526572
0.0,0.0,13.008066174692868,18.58643499487731
10.740118018409778,1.7956425419600135,0.0,0.0
10.462530207456487,2.5775673316984857,4.060956253031792,15.917418099956077
0.0,0.23312045724178965,3.05664706202787,0.0
3.9273104894491766,0.318683425694969,10.41057725990473,0.0
0.0,0.0,0.0,13.615276798745562
10.328801442723188,0.0,3.8534386446824,17.17842671477721
17.478759923691296,1.2026735097455763,20.260025116447927,0.0
8.866762182512229,12.399306445429021,4.913495960861819,21.646300735565305
0.0,0.0,5.255962854023645,0.091805100846872
2.5805760911311215,13.774903050525891,15.573464471611894,2.651905191254782
0.0,8.345155198762981,10.445971345548557,2.6102473753862387
5.631809524294633,0.0,16.530317775188696,2.694108721656173
0.0,5.109889827688117,4.0952086380606305,0.4245067839311131
6.53274348905997,7.227350214530844,0.0,2.334703134585124
10.841848378862693,11.218986655045057,1.8775930031506063,0.16564278618320447
6.178927133799028,15.881322480347611,16.738794373982493,2.167389809000646
8.558750311295652,0.0,4.167707334144917,0.0
0.0,2.0237745593687197,18.67401153772573,0.0
0.0,1.7969999547575615,2.308914343855901,13.256497794725306
9.678111134476643,1.815591858326048,8.007929956761473,28.41941800174979
21.068338444483988,4.51947985518945,0.0,0.0
9.79083126859779,6.821685663451675,10.979173691414243,0.0
0.0,6.902951684938856,4.1562695763916375,0.0
4.888088983097513,0.7184700589914902,12.81989277422236,1.3559547337798659
0.42277653219993394,10.741568718897655,17.495250895014927,0.0
4.086499746769563,0.0,0.0,0.0
2.5942451593135756,17.129403567322495,17.449081102306277,0.0
5.886397099350254,0.0,0.0,6.206841304973234
6.219738407353035,22.377354715509746,0.0,4.4315202226167765
3.9134791942732656,0.37398224989068246,2.215456027657377,1.934963210525533
14.910706731591503,1.6836306386800608,1.2502517382221596,16.95305405645513
0.0,0.0,20.183549887721988,6.081732821673002
9.243995876334047,0.0,4.175930313747682,0.0
0.0,3.299636568698911,13.930422133151193,17.920597439443014
8.214149789051831,0.0,5.862894886199564,11.745393572617177
16.178681341493903,0.9909451737638401,9.312415308533346,0.0
8.7212162343261,16.764103110404626,7.483466127686566,17.731584196234696
1.8342377705844815,3.9575924180613975,15.987740623241736,0.0
3.795811184255929,14.515074290612345,10.98580846849705,14.869967811519913
15.933243603152757,2.5955373498614502,8.717719370161031,0.0
0.0,0.0,5.1400726674937305,18.100321314031905
1.8119168721921957,1.4663101826721046,10.859888286966317,14.79810340406245
12.91086322777969,10.790309697067963,0.0,9.484332857810763
15.753745471520904,18.00117914287327,0.0,10.832439835808513
2.1718903327473127,0.0,0.0,0.0
13.143223332476582,11.0894621415524,14.441955432130623,2.0510118071810672
7.132848108763161,2.8595826610957977,0.0,0.0
9.671290963029321,7.585306150966809,0.0,12.902523056144208
0.0,10.768065418917853,18.159368638655106,0.8591283164746152
2.841478994891384,12.586352033317057,15.81962061594163,0.0
0.0,0.0,0.0,0.0
0.342027811314403,0.0,9.599010723036336,5.383071704342182
20.123192527420642,17.113953319200583,0.0,1.446227700064999
11.310960685208014,12.684979931684278,11.295978943725231,3.134252941115777
14.614031012336522,4.658828149353135,16.186413877982474,10.101119311918403
7.09368412975569,0.0,18.34364562092511,0.0
0.0,0.0,0.0,0.0
13.965884439084224,5.975136749946768,7.501950315104058,1.9803811733050243
2.121628272388817,0.0,6.557358321492634,13.249127189539276
1.9355186311443193,0.0,0.0,18.243813849720777
6.173758568328126,0.5247210860763528,15.952516569220595,5.763914180878225
0.0,6.5666167201187,0.0,1.4168669990354184
0.0,0.0,6.754327273067626,7.97235705300577
3.644621852108392,12.14529832216415,17.14408215670491,9.53780209178613
0.14312785215741142,3.087940883011476,19.78125188715905,8.573372912455671
7.123204098500245,7.213171629154354,19.24056655133837,6.300208757279839
11.64774780825575,0.0,17.546826135192298,11.167736260616836
13.960349574187756,0.0,0.0,20.144790412966962
20.99253986403749,4.274913002376944,1.4006512791000565,0.0
2.7753455637890307,5.140967136947985,16.621670769105922,22.340241383946125
0.0,4.565292764720843,15.225515260982206,9.618601676507138
14.736867548681229,0.0,2.3362766879204693,3.5733464161955855
18.692609485545983,10.558925487381714,2.9191328507618066,8.50536774567609
15.208903221894163,5.130173516506695,7.332094823091922,0.0
1.5426920962766513,0.0,11.842780501998215,0.0
0.0,15.882806737872661,0.0,0.0
0.0,15.666995141751514,16.456109216076946,10.215496003630873
5.162320419142552,0.0,0.0,9.809658298693266
19.249028676762677,14.885601731072402,0.0,0.0
4.837564997308751,6.010901022215369,13.869423973558359,0.0
3.47107400398481,3.176642076899334,3.5836734027046435,4.816558045797477
0.0,2.940133278727133,0.6277497079815751,0.0
4.449317540746577,22.40001990242428,2.1520203221056984,15.203514108851454
3.631734838197817,6.686412048806809,3.1855287106261296,8.90517828263943
0.0,15.31455935918055,9.34327774416222,7.008781306296943
16.554975319570488,0.0,3.3710843286055168,3.9414271696741476
8.33066839250783,0.0,0.0,10.459486315904842
0.0,6.972903168098398,4.659167361070178,9.16198830214047
21.217652071265288,0.7133634148437384,13.170801934184176,0.0
3.8911571191255647,9.534040501694653,0.0,14.159029519908723
8.277121973940263,15.782204647791687,7.163938242620498,20.984422565125737
22.783100758824325,0.0,0.0,0.0
10.080651676291685,6.492371892497296,4.626482698515108,0.0
1.8970196249733555,9.360760134948244,0.07377517767401463,0.0
0.0,3.399583995046351,1.4487385302827207,1.932494410126619
7.130718749365486,0.0,7.554218902732411,2.707516806425043
11.679730486119558,0.0,15.738921506717759,0.0
12.162812272002093,0.31549055310803575,0.0,5.966184963846878
6.52934550509873,0.0,0.0,6.139275535594195
9.505449626544618,0.0,13.399468241972858,3.706769115976556
3.3588339664795512,0.0,12.965783691645017,11.524653262209531
5.777365248468062,0.10330645555844219,15.94908472435456,3.8632989578625416
11.178012597318048,9.759754400967793,10.11911344602335,5.968350134865238
7.1335344788083095,0.0,2.689128926793849,0.0
5.7011265465466145,10.701361399797106,12.379132312205696,9.861447695351254
0.0,6.110230937500395,8.98551356141874,0.7055110348509326
0.0,8.04354602255518,14.9812568637971,4.995700763472497
3.3122878901885304,23.25362968708177,1.2269842285934989,0.0
0.0,5.318182506043768,5.459574860787426,6.72421254264492
5.613620298525726,0.0,14.936276310178329,6.6845620726341135
1.8826077423047693,0.0,7.533706666347706,24.530705723158714
3.441829225032267,2.616170525478126,12.668618033456015,0.0
0.0,0.0,3.7288283257421884,1.5558716985554928
0.0,17.70905436502561,4.584198692942096,15.205879280698566
3.4325766553328374,7.666251164364213,2.7623347218073837,2.7739427727404107
15.016280433838796,7.852759734883025,15.756296347402042,18.51708790864745
0.0,0.0,20.67913260247151,5.7571647203488485
2.9162450981554313,15.187682972290546,8.765727719775949,12.417574883126951
2.801492231787579,0.0,11.149521511389862,0.0
5.634793881179696,0.3278575400429736,1.1264126070043934,3.4358556943528584
13.16426924886921,7.393879447967991,0.0,0.0
2.5835177139679564,5.083386117045806,8.253941380231057,0.0
0.0,5.366341756418986,15.843847873757493,0.0
5.712877124820973,0.0,0.7220706569332718,12.874837330113694
0.0,1.877335201895893,7.741832234916415,0.0
3.0443596803567634,8.480018964188258,6.800403496297773,5.5583024773812975
6.452148471257441,1.3985570148737072,0.6070929161418774,2.5567224737941103
3.843410934834677,0.0,12.69295017685682,0.0
0.0,3.5798456895648183,15.002885112079388,11.590811008908675
0.0,0.0,10.901714152649228,9.457638607023945
1.1045753015704307,2.925134663518989,9.655263144558402,1.6462849955578762
1.4332563078689524,13.290522928974926,10.378035272308692,3.012291779142736
4.547769423509641,20.627547584691097,0.0,0.0
13.586421014201255,6.495697907558999,13.431877285751659,0.0
0.0,27.09338151122725,14.896617825839117,0.0
0.0,5.366953300025321,5.214965017816493,23.679336390013937
3.1096569544230417,0.0,24.82213133292999,14.630924428312623
0.003552777570735929,0.0,4.800161685497423,6.462588701965399
1.5513590545192146,6.919482194201809,11.414987856706476,0.0
19.261369836320654,2.3426016483118866,23.54291769922433,9.143952876855868
15.163963240583225,8.358776857989392,12.443102500233543,1.6251267920296046
1.914259403983914,12.95971103884639,3.142254131599485,8.075875864452097
9.205740727626639,1.6080426549580076,3.2561496763307574,0.0
1.938622326902938,11.427544735392368,0.0,14.342601951005115
2.2074850823716594,0.09146329344810501,9.49967656624821,0.0
7.449547699220269,1.8738741162271226,5.0813754218307015,3.322258536855539
0.0,2.3684258074554183,9.753908129468416,11.042081410545016
3.9336110472583394,10.130770490020042,3.461207827404707,0.9745410039543528
0.0,5.1937086175302,2.942050392087207,6.916177700629836
6.019168308997515,14.557746964791395,1.2292074375521456,14.915200937206201
15.61645882162211,14.67392808612577,17.172354199646186,0.0
12.15642170365261,13.665513313012898,12.314789363627986,15.95912127046517
1.470468020005826,0.0,1.5123724913621317,0.0
10.311144549674474,28.85675962238614,0.0,0.0
13.254662414351378,14.976038918138066,20.31693685304967,1.6694204568962672
13.52952846533832,0.0,13.136864277441479,9.967188276567184
0.0,0.0,2.876652468798263,0.0
0.7176326281732707,3.8508242645320414,0.0,17.197239998666102
12.710948356307643,0.0,0.0,22.898049613850674
13.711563232985716,0.0,0.0,11.513570163994606
11.125393039583024,7.42947791084907,8.918449772828053,16.20407436153351
15.412913245001766,2.1563644272064484,14.184126046668665,0.0
2.9942075064598535,0.0,3.9109865863282973,16.636444886945274
12.353383153409471,0.0,0.0,0.0
0.0,0.0,5.544823658384193,0.0
17.644402934907934,0.0,12.81236007032997,5.756543666560338
8.419160228789922,18.419291246467132,5.525366061448946,0.0
0.0,17.553360549190554,14.645620170179756,10.48018340493575
0.04224756319461992,18.016506044804295,0.0,5.542285507573031
5.13315810285144,0.0,0.0,4.543727160821365
9.459450985869166,6.5061128569567686,0.0,5.519866384750852
3.139747131833238,0.0,24.405782947026204,0.0
0.0,0.35757144674645236,0.0,0.0
6.212782693754276,14.30310250638647,14.377321048288781,0.0
9.376098393260529,4.438608190972712,5.432383017620471,0.0
7.721599566758162,5.178482342544504,0.0,13.379690471371921
0.0,31.02099998079566,14.701540759365214,0.0
5.158130035211168,0.2682694932407596,2.6644958162846772,0.0
3.631490178139854,4.092443478060234,17.008763857217247,0.0
13.216267802080402,10.978752363270493,4.070121197597184,3.02675744088787
12.577959633700683,6.290800234076508,0.0,0.0
0.0,4.044131374403169,8.956575135944263,17.477153975104297
0.0,12.7816479219,12.931742917640499,0.0
0.6853938851837712,0.9043114756891197,11.432210584764544,7.20977591294607
11.531513013412725,2.7454997154275027,0.0,0.0
3.9718687078934494,5.680640319698583,14.423341338599013,0.0
7.968804274370598,1.4059304740855951,0.0,15.221045005255885
6.4677933493739825,0.0,0.0,13.949468498961938
3.5174219382870557,0.0,0.0,0.34055356114180463
0.1507162217055104,11.946046876334908,3.9636443404526567,6.065192088685798
1.9762833954832741,0.0,8.162890705505548,15.934522764582388
9.25159065088272,0.04999924677767856,8.084473482609543,0.0
9.568939217341919,8.8306011221937,0.48141401057561933,4.120618673174117
1.0930695251017155,9.331253418718825,0.0,45.3273295241526
5.02203844886203,6.460466643598233,19.866695682043655,6.6474460905730846
2.089831787330679,15.239978191554334,1.2305461569007785,0.0
9.133327318173382,2.530711903828104,0.0,1.6399023191046889
12.78422197789433,0.0,2.1186094161154907,17.34452863162753
10.847978039883275,2.976695563308628,16.801661873434668,0.0
4.431269495414256,0.0,0.4077765415267429,9.208156587022355
9.616717891439531,0.8925393347182002,3.307742165380727,0.0
0.0,13.701902965208783,0.0,6.245817468481549
0.0,0.0,2.952501698743664,13.088140863557465
1.7538001768471665,3.7096677146804886,6.3592511216946646,6.3241647199526385
0.0,0.0,0.0,3.0155064239960616
12.089618822486326,5.612926570938572,1.1319878126471759,0.0
11.361809032519908,0.0,1.2880532555941078,15.210272877055385
17.70651385605856,0.0,0.0,9.256502787765045
7.894137144916388,12.925726971178358,0.0,0.0
5.576037002959895,0.0,4.8211242521099145,23.49774542469522
1.5654859348143142,4.310209514311721,0.0,9.174426038268214
3.6752482606924484,0.0,5.017521650456421,11.332853286398711
2.8398390020342013,0.0,19.511541624970853,0.0
0.0,0.0,0.0,0.9225672870304461
1.3671658215048892,0.0,13.122198925634551,0.0
9.52901256942709,0.0,0.0,8.30621801556342
1.0165204221165056,0.0,10.344699440568451,15.278401935983865
0.0,9.065711124983848,15.92410774450441,0.7664898699161703
1.1563631779621322,0.0,2.7589896771477416,0.0
0.0,0.0,4.162862364777195,2.701752527373946
10.398694622134666,0.0,18.07532033523685,0.0
16.919164811313923,0.0,2.320167316291635,2.887493156691511
6.576649481344285,12.550250050338796,1.0434980474964963,12.103421774900879
11.607307014760694,0.0,4.641643971954502,0.0
0.0,0.0,13.550574578006877,13.141642613478771
1.9790302031997176,0.0,2.9157646317686834,0.0
0.0,6.530888094185385,0.0,0.0
6.2770264903297415,7.778942860018515,2.9534436844324565,0.0
0.0,17.859367128359985,0.0,0.0
1.6376255500601178,21.08554263748251,9.82140215527085,3.6711834681597835
2.258797109596629,0.0,0.0,5.432734371405038
0.0,10.633179792398025,0.0,7.108609604427687
0.0,12.928425726884237,8.99754138270347,6.1754650504330675
12.771180994202,6.970589402674952,0.0,12.096800118091938
0.0,3.663283504433917,13.395279479526373,14.248480552627862
17.54473304185256,0.0,14.067277537653284,15.228753194907037
0.0,5.743357896197326,16.7375291419852,12.7093223119951
8.520923645284327,16.384612089026593,0.0,0.302092387814634
19.65979617198771,25.177157119470213,16.77041836887225,22.00252068466253
0.0,9.591164199054466,15.10817429804527,3.849226489611517
0.0,0.0,5.75130273465079,0.0
18.004265242712147,2.9430886592609644,5.012397918164141,26.175616257406762
0.0,0.0,7.210916448921549,10.331188834012767
15.632416283686412,0.0,13.69964792057879,0.0
12.33838920960891,0.0,23.31454535557651,0.0
2.723034624213259,0.0,0.0,1.357801700970689
0.0,13.88549346366367,2.6464972633978436,0.0
0.0,0.0,7.417777986620563,7.798224516197204
10.65193679868286,0.0,0.0,0.0
6.645162065091875,10.419434820888455,4.5987115213512295,21.18301190564921
0.0,5.966225136813869,0.0,5.8585386869813
8.16182304484501,0.0,10.919406299344676,0.0
3.0556026521189055,0.0,21.45342486377436,10.11626439459668
9.8176905702273,9.640171994606318,12.817768252604813,10.487223116382852
0.0,0.0,0.0,0.0
0.0,0.0,15.434745431532713,3.273384066865332
0.0,21.202625794125627,9.78556477377854,13.76198839108545
21.23563124822278,0.0,3.99296231668465,3.7123582719358823
13.31314753982912,4.014757821636289,10.654675437330122,0.0
1.211870575375901,15.666291155141206,0.0,6.904924479588724
11.538034587842239,15.652601268730127,10.362043482453478,0.0
5.289191034953233,0.0,0.0,19.045275472662365
0.0,0.0,2.727750931440026,5.699605440954739
0.8444043096760759,12.458433134230425,13.376775778316812,0.0
14.69567925717793,0.0,10.098397372872947,0.0
0.0,0.0,3.2966632612255364,13.070411304428468
6.7825654593140605,3.4472380434481162,0.0,0.0
1.7170262643568057,0.0,14.586059649719767,20.146115462386444
14.012355952971902,11.231967141062949,0.0,1.6304707265608747
16.41054844649425,7.683027828775596,8.53230913621254,9.352696093021507
4.487935427416694,1.9088158511355717,0.0,0.0
0.0,0.0,0.0,5.237492964785983
0.0,15.004614327103914,2.7217446345888052,12.507086711271402
3.8694780245007965,0.0,0.0,22.06177791544364
12.249582757266143,4.173224547928857,10.45772500711853,0.0
0.0,7.5845065407596035,17.027753284361033,0.0
15.326420325488982,45.22158593448509,3.286557336542036,0.0
10.44695768772577,0.0,7.330319390890447,3.4335360221472224
2.371730200597143,0.0,0.0,0.1669971445869707
0.0,0.0,0.0,0.7690716332286605
0.9510044979523754,8.080824323259906,2.3384629288283,0.0
0.0,6.663714498297091,8.39585800245355,0.0
0.0,0.0,1.4479468841282532,5.100254241539032
8.079213040352018,8.805909246210446,0.0,8.39522229379295
0.0,11.660165027130441,0.0,2.5429411063855802
8.21905560472913,3.0609587201844057,29.16591138350227,14.364872218581814
11.391680731880465,0.0,19.49286776820453,16.477442169201773
12.173624070067666,8.710018222837867,5.560386611843702,2.4725737448097207
4.592910812706286,0.0,2.212693331071696,13.148516955699412
5.016795258116873,0.0,0.0,6.5958947267382415
1.7306549163113956,0.0,11.291068526307889,0.0
4.5939787221092345,4.32862164934164,14.800836591420861,3.6781284735324844
5.143324890155155,15.667513508562532,7.23047879007355,5.917015279624614
10.564196978067436,15.980269659960154,10.201612744942942,18.216063188830567
11.12519918254277,0.0,0.0,3.896573936942859
0.0,3.8859985467563973,2.2674341789692414,14.9335809031959
0.0,0.0,0.0,11.45719486474666
12.968460886958571,3.763259329275479,7.805732319824211,13.931824868836076
0.0,0.0,22.90750605243813,12.457999683975755
5.648570282166842,0.0,6.478946217549005,0.0
12.744641471772539,8.447104578047984,9.230797189706633,0.0
0.6791408105026596,3.3188065327665304,0.0,2.8699364244976167
0.0,2.7245273990067638,0.0,15.01998343485848
4.575200613494264,0.0,8.516426787122827,5.347583860409818
0.0,0.0,16.84955603569863,2.4956607889899067
1.4808411918656208,0.0,9.581086425094739,0.0
0.0,9.44350915846356,0.39855823890290104,15.616710882598698
0.0,0.17370336462181712,3.9741734071250834,6.575103047153375
0.0,7.361647962480653,11.185069570361113,8.926982376575568
1.3505923158222084,49.64484505797345,6.452819045421795,4.31552052630588
3.4092236397863673,0.0,7.690066234823983,8.253621162961306
18.208928160996376,6.699488252699448,0.0,0.0
11.505565833339052,6.393326979160482,5.266715425331134,0.0
3.833752764228944,13.628616970377605,1.0771663302986436,10.553728055577967
3.5546074914452,15.514530690131691,17.3230949626313,3.069810857973886
17.16782924306956,9.412930147977733,15.705498350559179,5.308416979960165
6.994050776204091,0.0,5.664021452827103,2.716913598799077
2.6651370255269735,0.0,1.6470346964914753,0.0
1.4479636691017146,6.229263470715203,0.0,7.5592096850673975
0.0,0.0,0.0,4.410910888503742
3.8277686358062146,0.0,7.675827700292752,0.0
7.839769181678069,0.0,1.0097381012136037,0.0
8.03641634627972,0.0,4.491279945984476,0.0
0.0,19.73391505149395,0.0,0.0
0.0,15.89476201666438,9.257750884612982,16.83852068925398
14.011303806327808,3.7257117226296157,8.275146101348327,0.0
16.77084433423043,30.05124531345758,0.0,0.0
11.231292594145447,8.216780121600227,9.424809909528207,0.34903287187552434
7.16153712502087,0.0,17.220802368245028,3.1060219620322234
1.5832867906531698,5.8933414217757685,12.705253195732901,0.0
0.0,0.0,20.550518911027968,11.026843386092684
4.357561326043646,16.816242622695786,9.661478948725838,0.0
9.13012933758241,14.309358834527632,3.368926225496088,5.1801694035263255
4.717203287127406,21.729825890503268,0.0,1.6555358298356235
12.348033741288827,0.0,7.311289252698433,0.0
3.297607050029462,0.0,11.390691191010953,0.0
0.0,0.0,0.0,4.1300587852049055
12.814434834201377,9.314945613327648,1.924475292751413,0.0
11.517602513681378,4.906973348575629,0.0,13.323301056811205
10.657123681463464,12.601604392363516,19.89421267885214,0.1012713125083331
20.823027358519667,12.781481547500833,11.394897478817994,0.0
20.468429995701246,12.537047645515848,3.867010177654949,0.0
6.6964168840457985,0.0,14.914720771156865,1.9960759899493792
14.497557213280883,7.47229609841752,10.572043157858467,12.924600341925945
17.543825283347292,0.0,2.7473517964802063,4.376750724191621
0.0,0.0,7.574000865889749,9.056034496222242
10.170400603724786,0.0,0.0,0.0
7.160976983299246,6.439258237380901,5.586544133872601,0.9397295033567108
1.667879581870646,0.0,7.436738230401751,0.0
10.695684990897877,12.74478275339272,1.5204737506999804,4.924663568347758
0.3895736499371877,3.8232607021598426,2.7547742138137146,0.0
8.443118450606974,0.0,0.0,11.26024651369774
7.282997332289616,5.6376812515833725,3.20616898074535,0.0
0.0,12.70981988086291,0.0,7.321341071550433
0.1462034392410412,7.729875218763479,0.0,3.102488296195619
8.848564318055747,0.0,5.1047030024399405,0.6902045728760136
0.0,0.0,0.0,1.7204895238370452
1.2680916293564621,0.0,6.736734794796366,7.134839442828642
3.919306745813902,5.862387454147245,0.0,7.72307188812614
0.0,5.954280214191747,2.0186378915430514,3.885277945394118
7.863779027848674,0.0,10.620143451629103,0.0
0.5961611959657028,6.186530136960324,0.0,18.36484897090537
1.206911002581113,3.9501997300898966,0.7649803425922808,5.099131465918908
15.25659812563852,0.0,4.6735713557187,0.0
15.918110085336028,4.476363643184079,8.928966634842,6.9660528530191534
15.26826756119592,41.83410168425157,13.626718566684973,0.5639750405433024
0.8048035212044526,12.875006904911812,7.441138238239576,0.0
16.734318190478753,5.984388807438849,6.8591542732263004,0.0
4.660534638120324,14.700183651550583,5.360499817113745,0.0
3.1264943796738653,0.0,5.946645620865236,5.095701024650659
9.513259116881782,0.0,7.682916859005417,18.666846893987287
8.752081672354349,6.722922709356659,10.002168762329156,0.0
