PC1,PC2,PC3,PC4
-1.1093605525133066,0.8711534409742524,2.7466518937548745,1.1804833791673583
-0.21291516463147278,-1.368618697944738,-0.8106668243871226,0.3570295002911805
-1.5206383526149128,-0.5943297616413814,-0.7355062799185063,0.09309569774033734
-1.8903113599362007,-0.7220015239846551,0.6953595794107388,-0.9751601965089262
0.12256391318602258,0.039771866286142085,-0.2942815577582141,-1.15008242247483
-1.0483653333675198,0.5322885509636255,-0.36578104237739373,-0.3824986614349411
1.4832124666522184,0.24510965696849682,1.205180629059318,-0.5461303015505642
2.161891344097666,0.6693930319164025,-0.8542003999276072,2.1506477181865127
-2.2250712587279398,2.1635124778046686,2.0169236759135036,-2.149638460874808
0.28079972125766856,-0.8503765022726567,1.3176430577024356,-0.2420235037835546
0.924204399158797,2.684637822318404,1.1645568182834825,-2.2134505635308477
0.9638343932271557,-0.6425747507086562,1.4520444477362444,-0.047095905993677155
-0.702770799178434,-0.9619462151635575,-1.6905858990507716,0.5881314634553284
0.19041931577067173,0.7312976617649922,0.11960879070425384,-0.9755529769204935
1.3093839570053305,-1.2347203836264309,-0.984731840122659,-1.7728939063925429
2.9519717214135186,1.2592760617921825,-0.5144969409334194,1.2552701824417625
-2.2380555876164063,-1.1919037017818894,1.9148354719316194,-0.5364716917570973
-0.27276103818470304,-0.9859791385847761,0.39975340532038234,0.1988302514040654
-0.9081647661685327,-0.7163805005083647,-0.1620997311645683,1.2419707540371085
-0.7915265545476214,-0.46780780605384586,-0.007901941184773486,-4.596170005084676e-05
2.431726194206458,0.3566887042990587,0.40647444113525716,1.2632323761211057
1.6540576083456902,2.0461823898060874,0.25976731617127174,-0.5331501519146264
1.8760837127428613,1.5053283788629708,-1.1506143768717418,2.0271586559032913
0.2629080607765528,2.8366196029738857,-0.9569966192615307,1.4603779315920615
-1.4548994319735802,-0.7542515868979456,2.611380426362484,-1.728530625412389
-1.9697175727295282,-0.8729658936197294,-0.03956317349378824,-0.11809993726101593
1.0129380413154367,0.7606893168056311,-0.9098825247750139,-1.6816217217818026
0.4829332524826592,-1.1983617699064486,-0.8932266223155753,-0.5714314881211703
-0.9777641733484005,1.0721708951342157,0.007002440529783585,-0.4879961116367701
0.9979841451621977,-0.20407027905754174,-0.2095588977951253,0.80748893899183
-1.6643358761132925,0.7665234192724523,1.7938712409974342,0.451771822607096
0.37541613752836744,2.1187223858444844,-1.2505179728297426,4.257239688024127
2.627155652874501,-0.9021641965551173,-1.2378126149215776,-0.06121138457541415
-1.968543542661462,-0.6585458373505765,-1.7295346826858133,-0.7412907549945018
0.19040540865032904,1.3747101265188992,1.2100743761204744,0.965182195778607
2.397575082522625,-0.8707665733748154,-2.2741024048476013,0.038729448203113026
0.15317234213894784,0.6203087323948009,-1.0409268412749064,2.356589164304433
-0.9603163463825949,-0.6201954011908914,-0.30784181166561875,-2.8842983129683017
0.044904833786318966,-1.6012983129903602,-0.5049939146904211,-1.683844089947446
0.39176595503057726,0.9355165262330618,1.1117477375975842,-0.7658171894640339
0.14152012854663507,0.11837605497272129,-0.3306709207250876,0.2303873893405031
1.2297262267283013,0.6887805410155141,-1.007584998052223,-0.8754820469616084
-1.6261411388294766,2.1282812481680033,2.1230976362472127,1.807751048452029
-2.4369797521111205,0.9436591123935905,-1.8250498532640824,-0.1592010444874207
0.6153941398785957,1.585151072751884,-1.339747315981188,0.5001076549087321
-1.8418218963057527,-1.999325271260248,1.4799554801812567,0.7040404183961715
0.44702491644944853,1.7466137200977343,0.5443396778876869,1.2688618071301787
-2.323500481878124,0.4100848848848413,-2.164467504385885,2.133811202905873
0.3104747099668584,-1.9752412831841424,1.5793969053688364,-0.22194970549631063
0.3746873543052619,0.8046992999429964,-1.7823179041852246,0.6031600810375133
-1.9229152362044424,-0.657257651307335,-1.7493508677063512,-0.0885329780889963
1.095344466431168,-0.027410919907924793,1.0118254067583268,2.0135187989829846
-0.616481399456208,-0.12880978177992425,0.8604651753308965,-2.5890132245514117
1.1333044667143226,0.07836543473325205,-1.2704116616883372,0.46508686979450264
-0.6647139569494132,0.1003472447212014,-1.0263721848942275,0.01843602102350863
2.196044973293975,-0.8389002232256245,-1.306879307062776,0.3698215032781432
0.6672015981282234,0.16347589625530431,0.8105579609724505,-0.3919166520303998
0.2591717441174509,1.840820266917636,0.46881355621076315,-2.9266062031247824
0.5995145154739632,-1.7874580370382123,0.07625916091956625,0.7138705148072008
0.7140800932073675,-0.9795395037136014,0.20498494792355743,1.423925790386764
-2.0528659912838654,1.117308816533326,1.0519487966679482,-0.9200719907455679
-2.338030548494906,0.9606868453021805,-0.7864386043648877,-0.8911746478953467
1.1652723020047095,0.8082898720270727,2.4629468187123917,-0.6967667999353815
1.985411730057166,1.4216534973885702,-0.9502354935209528,0.05204305838889332
0.3031889786951812,-1.1153892185471461,1.3291548174898176,1.600908000174354
0.999141924333393,0.33281128417269235,-0.4781818876616856,-0.950642373990076
1.311546937981036,2.085203371119917,0.12328636730514529,-0.9317339577504884
0.41861589401517363,-1.257594430188583,-1.1904379798793434,0.16830833213213972
1.190554143509876,-0.7761112454142685,0.7871320298085208,0.774753060194309
-2.980718938101186,-0.14656040627114691,-0.11441631798273291,-2.4682666599584864
-0.6230051824488606,0.14135948639258922,0.9519855271292335,0.48189344709178716
0.17508447995108758,-0.31145270068055403,-0.09373383412795135,-0.9586819245045907
-0.7300702223714781,0.5612536978816959,-0.8918126795496878,0.6729819799291413
0.5797953489636739,-0.5610383672957636,0.6094896606003709,-0.1832009313200632
0.590984426714259,0.5157117858539696,0.20794634733708298,0.020155562660983534
0.3883646872728774,0.46691333470862495,1.3718978080011663,-1.2117244825694755
0.7791098125046354,-0.029320701572154734,0.6601537857934633,1.3014605305735938
1.1262029082617966,-2.6788215644919164,1.0676121297508108,2.2085886259826326
1.1230468716395579,1.108420299549213,1.7933680947477075,1.851696549626626
1.134104126443714,-1.0608097082445316,2.530277055589376,0.24278629594738801
2.2668624444193295,-1.1333976243717483,0.6752964982403296,0.9859761674447503
1.1863265915761827,-0.7128938031307576,0.35979357932805006,-0.3676584955177746
-1.7340394145362226,0.8801255791350766,-2.0249758593774203,1.684867102718449
1.8407877234192311,1.44974676216034,-0.5324582594611361,2.350221616615232
0.8916544347462426,-1.4384525858397503,0.20021899893456666,-1.1805482812669055
0.36009096047531375,-1.714827531541728,-0.3917944846725153,-0.4997447685360138
0.3372746165215465,-1.1499458036065053,-0.05971753282446649,0.15338416911198166
1.205590431383955,-0.5471023229924988,-1.4826571190691282,-1.0672556872798118
-1.3088789118458042,1.5013877659398418,1.6145055899920964,0.258120087677488
-0.32495469572498586,-1.1867767755934102,-0.7883412842610074,-1.8328892470655858
1.553328992757887,-0.9912738138680242,2.1759755371674867,0.9538557721606407
0.5227563253683066,-1.107261651005716,0.9477815457125865,-0.569857518037554
3.3723506840800126,0.6785202965015392,-0.30113874788993744,-0.1744400686859035
0.8433715782074624,2.1397083974669937,0.24264672615656918,-0.9572213330037267
-0.34385214034624434,0.06644062600629139,-0.01650008874064878,-1.323113612192655
-1.65036399532071,0.814202349632514,-0.8809971816176574,-1.8072322416000453
1.8011115153347825,0.4742254917886468,-1.284631692063969,1.0883669328993442
1.1157332500569161,-1.4037667280728552,3.3119296903326947,0.08681566381970673
2.4879004587248987,0.7484884690370559,1.7388920128167942,-0.05486116004529911
-1.7631390580128545,-1.1605801085069583,-1.1998756854664299,1.292058357402498
1.439644596600398,-0.1952128614019804,0.04088254994506398,0.05734100587175781
2.1622465462053277,0.11641023530070989,1.5756636920584735,1.9525252321917745
-1.9077515573389672,-0.21584431799568965,4.09392564064476,-0.09302359159313865
-1.596525423389971,-0.7128968288522017,-0.73699269049922,1.0813081660518233
-0.8766346510168604,1.3487063920728508,-0.8509781801074515,0.4604648281481858
3.0989280319897516,0.7809669863868044,0.5322695077005132,1.3648106591602736
0.4835664561591588,1.6152457632781716,2.484642402059483,-0.6583390097267302
1.076216238375938,2.3977296777826145,-1.1325224574763904,-0.36075741973723485
0.9810966430791023,-1.563878126096944,-1.1049035175424113,-0.8487302065015364
1.57705826805116,-0.03218139677083483,0.5435640915589813,0.1967472983001206
-2.5884432780649353,0.5469922246339033,0.33733109964457453,-0.36554218117707593
-1.4519835653753632,0.3261585235956057,0.9531697580982008,2.057036377513053
2.638633801414175,-0.7022246596423602,-0.4113933586546213,-1.8945267587658663
-0.037585438063053984,-0.9210372440933705,-2.058305482432554,0.14519266942581485
-1.0079157266662302,-1.0992135292569054,0.21595917572258028,-0.6374739352285798
-0.6188915815465637,1.049432425433228,0.41348142633420176,-0.4635096619433817
0.31694757975006965,-0.9618066167985903,1.112323190185683,0.368681957336983
-1.4320986704651342,-0.5738592242711208,-0.5753185757400435,-0.8291991764374611
1.9586103191543938,-0.3196854319708029,0.9521614376525892,-1.9384129778449404
1.304427694999224,3.920843413106361,-1.5613062144500758,0.8646877714067412
-0.5635931079191231,-0.028935909315858103,-0.30211978741953927,-0.3390935669907823
0.7959253014389569,0.22218620197576042,-0.7433048956047527,0.8236349051758985
-2.2910472913312963,2.1221081588080275,-0.18996765915643618,-2.51119479057328
0.5035243799802007,-1.0513345639714422,-0.3980584495624804,2.042692486312746
0.06949915635831741,0.06435831763671662,1.6667628100163394,2.3932574780012703
1.2443151080346047,0.5882917295354029,0.1384581828517393,0.6502214468211105
-1.5350800319043254,2.2590476578683427,2.4026338930164153,-0.024940829644861637
0.11236183751025022,1.129199323094634,0.6042678494936853,-0.05520816768389387
0.14089198959692248,0.09973941255682653,1.1406749258472302,-1.6060287865965819
0.8194285025349622,-2.3015546771513997,-1.8030132264223244,0.4647861300229971
-0.08780666333978566,1.5528814625532343,-1.2406577308346225,-0.8850104091224812
-0.8746124091772781,2.096904863220058,-1.628324070861683,1.57341741147661
-0.006699982613304988,-0.9782572747266672,0.4283328691908925,-1.3579762264136317
2.8571663638261318,1.1009313556656364,0.4732000856326234,0.8290847684858965
-0.11260478708585109,0.3757136634588398,0.08964535227215459,0.28304573665032745
1.0101286892583892,1.4859588529785082,1.393016470649279,2.0128427216580835
0.5596893370392161,-0.2786635204205508,-1.861113498512058,-1.6064997852193343
-0.8113337703051934,4.093807336391936,0.2529471431266957,-1.439056260309849
-2.4151394753858773,-0.5765204749179973,-0.9472641992976333,-0.006311482449599252
-2.0030235808248573,-1.163431743712324,-0.5606166913564882,1.0009773508285529
-2.2346022969662305,1.0897426807787276,0.7139280662544456,1.5242334063651926
-1.203394309791128,-2.54738751607048,-0.694057785510002,0.7876466083247877
0.8965429614675056,1.252563766860992,0.17564634095174822,-0.35094504188032616
2.1951253130235857,-0.3027938107229699,2.506735411828768,0.29097886562995284
-0.27548500927767366,-1.062580315723439,-0.042873833693369716,1.4631887576932894
-0.6358029396418726,0.6533355792566891,-0.4553403976853664,-0.7212136362911868
2.0228761695230792,-0.37022073124965205,0.6176788238082082,0.2580669842318533
-1.1602008912129804,-1.6400684457578338,-0.5993024550181324,-0.44660096216308665
0.7869919189496191,0.67206754234021,-1.6755767632380727,1.376413492708654
0.9113415063294864,1.243564658321319,0.950820610334431,-1.581446991598866
-0.8174575584170625,-2.3011334830077583,-0.5816444581777991,-0.3587306192426559
0.8541013360094111,1.8328852301323149,2.005532355548868,0.5516326935361464
2.4878478249725204,-0.019452235412195658,-2.056251582688444,0.028002059856969044
2.8660147109857084,-1.4976223703616216,-0.21215015576112475,0.8169204299512799
0.9658952920582433,-0.5678223989131892,0.5263937320535658,-0.39101211212223547
-0.19814825279685358,0.3607456131282148,0.5029697097193999,3.344756437682778
0.02821689483751877,-0.04868504991994713,1.4088046796634066,-1.4480871669896231
0.6330832799506999,-2.2318282131562155,3.136093748214675,0.2310694317097711
-1.3982477675266995,1.0246144179909107,1.3087609868562953,2.4827914407442155
-0.42653834969292104,1.3800369351886161,0.928456135545247,-0.11875035180479937
-0.18000042365928115,1.7169608701413916,0.5017097351610917,0.20945097949808425
-0.15090467049260722,1.0962749114530732,-0.17352116877856108,-0.9290313500232119
-1.3773762421763924,-0.5405486935998063,0.2801911394269344,0.021726892202511325
-1.2100367456395078,-1.594675771192209,-0.4695061287429416,-0.3450569088626713
-0.7788339268370222,2.1427222672670867,0.0011243800466578574,0.44586921298083526
-1.651402706590097,0.6142761800821664,0.337143717940304,-1.2357016535367873
1.008589933979145,1.792458672055985,0.5882010420891252,-0.9815156841442829
0.9114742294711656,-0.9904801380494579,0.9902443941961114,-1.0563600422415484
0.5516078649181733,-0.25073820437975153,0.5735860761100829,-0.10158827731779646
3.062886253968655,0.752693688091998,1.0263301132757603,-1.3732577901153546
1.7982723109238956,0.893407464989487,-1.5449811672866798,0.3704997496589501
0.15498747801400642,-1.0431172904606985,-1.4212112614930856,1.1301323628739777
-1.9370496388746923,0.7021659045389479,-0.3104627988229747,-1.9109272759133134
-0.40059830709744865,-0.07115985329397322,-1.0716473735960947,1.6153389548606893
-2.3411842253051955,-0.00784103976251923,-2.1923950116151554,0.025526636594014298
-0.1875039481282585,1.3184946501906039,0.06289504899972856,0.07827270909899602
0.13920086876052945,-1.1438790437284412,-0.47792301294371975,0.49498353835920095
-1.1868828943912602,-0.47233389181667523,0.16357938540201866,2.18188443305628
0.22928710682647996,1.0048676551222204,1.1885355213159805,1.9845615777598662
-1.5708805057373774,-1.2889537168748042,1.4095373011562191,0.9555311976061752
-0.21821572310781692,-0.27334026375626347,-1.236769310895392,0.6666660055232748
0.9757861890233593,1.7444005195497305,2.196651555401068,-0.4583011310825266
1.720902733278018,0.5871670261505865,-0.2653182366416492,-0.45070932953213055
0.09343498292487538,1.7140810568728508,-2.1833875979327946,1.1959144329397005
-0.05579243612619445,-0.9497463777665379,1.5046355612308229,-0.6770073830681418
-0.614646482712851,0.6689020922410499,-0.826991851683249,-0.24559514508714606
-0.04566222691639388,-1.8695598080840337,-0.3350722996656336,-1.1606617635888477
2.008918860896936,-1.4075985531984467,1.0025233226870405,2.0484092768415327
-2.7882574415060732,-0.9541133915622941,-0.4468382809775644,-0.3315537631721886
0.2573523448561311,-0.192949625591159,-0.7863865057654179,-1.1474363515387083
-0.6959219002806419,0.26730691922840333,1.429636939948605,-2.093159294096428
-0.47148405178001407,-0.10466900162070034,-0.2521679782259123,1.2593447406904006
-0.25580749790431323,-0.1506184012775366,0.30515708582832,2.54055262141745
-1.2196212062828868,2.766447533848157,-0.9164602743589413,0.08998192650499459
-0.4991637914363558,-1.308259392254312,1.02622122216288,0.8819667077274955
1.7953062976950291,-0.7311977779363913,1.741264036868765,-0.0066006013792408455
0.4734518202521115,2.2535982763929656,0.10336026570206244,-2.7214671414775937
-1.7536704321577092,1.691857128603979,1.2276311561293425,3.858282715510086
1.1755810447493515,1.0854621159139393,0.026027792060291113,-0.8295711948388893
0.542155143204068,0.016006823845474426,0.9324091146763441,0.7109390890729843
0.3939867730447754,3.440207656653731,0.6582568004687696,-1.543607916831936
-0.9946566256956921,-1.0617868455208361,0.7957978053762566,1.7630393339713482
-2.4294852196076953,-0.20391708607507142,0.3908212059791821,-0.9372499384186588
-2.8693841317178994,-1.4247568802540667,1.2488406148297302,0.2019984539138366
1.06280597468183,-0.7876456346097082,0.1801724019895267,-0.631050234258532
-2.432489983316235,0.8976184563911264,1.0869314548551374,-2.0537960204198975
0.85792474383957,-0.38625105086652467,-1.9465990035161485,0.8467396750091406
0.3789225190443406,0.6166813102766965,-1.3398174863199241,-0.695685739504169
1.235737361969757,2.289103100920393,0.16406630721198034,-1.3095124570143666
2.2960654741629964,-0.9874750282826713,-1.1319342532980423,-1.170347511718074
0.21770907889765073,-1.1004596793804302,-0.49224336060050145,0.7428007639380266
2.606855184225233,0.6302749425423504,-1.5580645141886915,1.4427745451440301
0.3571368334773667,-0.12791536035085263,-0.21239304644092433,-1.5015536472998625
0.13494400419993097,-0.8057474680636761,-0.34908548533821043,0.7361221824911435
0.042020320735414736,1.4932367923134535,0.05603454355340187,0.6741284566444712
-0.10980025560904184,-0.6464643808739703,-1.6940692660530856,-1.7240201393797405
-2.063531899864407,-2.416664789982272,1.490392178858272,-0.9324930967016126
0.43935458841470587,0.7458580177454988,-0.08056976287842699,-0.12735994901741907
-0.5492966202194393,-2.887306036754313,-0.3222598361412367,-1.1065663660011549
0.07115614164123246,1.6652934902131855,0.4635716778302855,-1.3811102484974827
2.669747817931858,-0.6059857572659937,1.5435442153559473,-0.6188282684315749
-0.6004570802151553,2.1872852855484646,-1.0533820532282885,-0.3109382398860629
-1.4013405821072002,1.7343479295957966,0.2755259214781459,-0.5724535997782518
-1.2391020817074536,0.30612666246278997,0.3543424550682758,0.6748207255961144
0.21555060784006264,-0.5713730001027097,2.607556647859613,1.1578923193388133
0.5288429979594104,0.11658263096814558,-0.43599851718976146,-1.13709173689952
-0.22401279287927625,2.1671085767865756,1.5345471458275832,0.6688591918200194
1.2622430077767617,2.4757844322954696,-0.26805708311917015,-0.6376144489764342
0.8535774469956988,2.5353823385565213,0.7173323182817533,2.267660255904968
-1.8474554242579027,-1.0859010484667635,-0.28332035278064494,-0.6072949953027139
0.21862830781716786,-0.9578451255403976,-0.4950489164263833,-0.8705236195832606
-0.07328901989742506,0.7072936459091007,1.518690138773764,-1.8128817299353732
0.9692361640202493,-1.304573129127263,0.011529637489187616,1.715865314605485
0.3033610454566197,-1.6067244730819898,-1.4919306483223669,1.7965638929380743
-1.7433899939452353,-1.4813549602161395,0.29573689335752884,-0.7433146480587179
-0.380722572958712,-1.2186527960983453,1.6945066860085416,0.8523381349986388
0.7964677644555753,2.6194416039518877,2.139756143007913,-0.2426542293755111
1.5341247448813249,0.6529429796322455,-0.6777449564949529,0.4364652147641633
-0.16203046300983764,-1.8783467807600003,-0.8471209643373748,-0.07718912599015743
-1.9821458328277988,0.0910127431231321,-0.5037302008635315,-0.61338644327082
-1.7504806167259261,0.4325944487733513,-1.597951932092599,-0.5706464160656308
-0.8007456847449262,1.1590426224760813,-0.11259488994773889,-2.0925286617491308
-0.32797889227100346,-0.3727467471103093,-1.5337687352763643,-0.9870531971429689
-0.07211550305027255,0.23205928422505,1.9384924771566037,0.10072080148218339
0.4132379097546578,1.124565916547754,0.7583328875938485,1.381632247519775
-0.19037102492665808,-1.605138641930797,-0.45037952695657657,0.7931452718335517
-1.647711520429586,2.1926051338116546,-2.311265690194986,-0.043405338030632984
0.22699205634208047,0.263918143241574,-0.03360195917662434,0.5870237251670557
-0.7171428384080573,0.5768320750200067,-0.6899114376209082,-1.4155948375705074
-2.722865015589949,-0.22596250225903747,0.26711558063151936,-0.016799730319553653
-0.5117796845140495,1.4539591854922458,0.39026659188161905,-0.22384321251756642
-0.07070328045595245,-0.7542620569043201,-0.026721322180208836,-0.42241881706000073
-0.27271407547861887,0.37789159361336705,-1.3238948654294085,0.4955836063093294
-0.024419473530406605,0.9117319874012487,1.131872454917075,0.3454695846449081
0.12895298792571996,-0.4660490530674723,0.37316234376406304,-0.5179139602066661
1.8146825162717901,1.7054942298126512,-0.24049602424312388,-0.012111451392922494
2.195041096468772,-0.039587512528338704,-1.4935917628611632,-0.6661351641329568
0.5097677566505602,1.2415092334260347,-1.0349630969015426,2.9320574887559325
1.4213432031671915,0.6512120767643761,1.7769190249250917,-0.6101512534465162
-1.0476652906370527,1.4829794597475385,-0.0803268001613801,-0.2131515444463404
-1.778948658838801,0.9153608514963276,-1.154701158987819,-0.6423459365309766
-1.0055657633480055,-0.7885478266248933,0.1295359474391573,1.5063215126565677
-0.521635147274768,1.7988011416158765,-2.808348664954227,0.033652725929238674
-0.10135524867702579,-1.2219085077428313,1.297396531100341,-2.5107351621039675
-0.8786060056116716,0.30718908821903695,-1.528636457557592,-0.940265021362112
-0.929637897156821,1.8954838938472531,-0.05119455232969441,-0.4724905628731733
0.5363248354975818,-0.7902541867493454,-1.158886358716044,-1.424272414747782
-0.5432103808523354,-1.331643968075827,-0.509150581654756,-0.19893165675133082
-1.6939733942742605,-0.6440088655333254,-1.9065580502597448,-2.0130634725695407
-1.5144749061340497,-2.951400866617011,-1.9260373982296763,1.5295793158642415
-0.7361693659865632,0.7618855852310075,-1.7678624485910206,-0.6502696938319635
-0.6989757827642868,-0.13037662127506763,0.6015173564554092,1.1682614735943808
-2.1139925345893267,2.002342985336543,-1.8097733950275965,-0.7360204671633982
-2.5669964478867624,-0.9364785768572286,-0.9643062209630966,0.2452099873619321
0.12822234602525578,2.111561037983311,-1.93509828767715,-1.1059281899338291
-1.0052737258449094,-1.5542857163955217,-1.7654185207742827,1.2034391339117627
-2.353169252637709,0.5189858008921425,0.9853926002329418,-0.12037206648624665
-1.2388068866957112,-0.48707583078960565,2.7545070394298707,0.7234338642045876
1.962076495726759,2.4021537167500813,0.7443679675836167,-0.8493533950827414
-0.8597240796700163,-1.6467116749157615,1.335703477973265,-0.7185201329107398
-1.4617057546296248,0.9127041524928001,-1.1883225631534744,0.5791193216033007
1.083916127187865,-0.3490698948035003,0.4357325090026551,0.018222194972120014
1.0020975904211178,-1.0447430844013954,-0.21497845769216783,0.6581084212502151
1.537411929196317,-0.1616803613399899,-1.58154558980465,2.418302023384259
0.7883391684080691,2.0036546981332832,1.1681839757385548,-1.3263150835642423
0.7636481319429512,-0.5671758331534458,-0.10709966378571564,-0.26546987192221816
0.4308670092743781,-1.2647460396658732,0.5537222708548344,1.070062236309865
0.5168247783197609,-0.4797847779838162,-0.713427521647374,-0.7599923279822413
-1.4664177757172128,-1.4532675187869741,1.9692136012585104,1.4948545905232928
2.314295822066939,1.0936836500823806,-1.4995890874327173,-1.3888984712614008
0.8123221773792195,-1.321542293456777,-0.4269783563998248,-0.60673616672567
-0.06980344982504581,-0.9099740097839886,-1.298799619776028,-1.1147457124786506
0.0739874794859826,0.4715768233876211,0.4410338721837565,-1.002996573843386
2.2550996319645664,1.6236082074899338,1.018087584275898,0.2990129594344269
-0.6796275572919583,-0.03804413471524038,-1.1981665228068663,1.5035161538017814
-1.0905616894155359,-0.8122122089453724,-1.2481328915990118,-1.3177910377479811
0.19799067069965953,-0.6169756732985084,-1.45145627622877,-1.9577742010049413
-0.6495351288736423,-2.657635035231826,-0.8806936458510285,0.5962645671864566
-0.47230404376991214,-1.7597832612116977,1.820236569601974,1.4376561589260217
1.909081839835452,-0.3677434621349076,-0.380649562181,0.7153244309861873
-0.5288476070909154,-1.9102480617038913,1.3152235071274254,-1.798227280010918
1.1863817677137962,-0.6376413667143129,-1.6401402331913928,2.1226906811376915
0.9516505267532154,-1.3492445901121382,0.4643243705111949,-0.6166174714106132
-1.197537759225398,-0.6576023898048811,-1.3481194257375153,-2.321719107459841
-1.8375053185047658,-1.3114582614401598,2.2826368968134654,0.8650002098634907
-1.920733960104939,0.4212337639484604,-0.24059538862632376,1.303192260461338
-0.4131222613715498,0.009821319945178703,-0.4628441833707089,-1.6617903169475532
1.047752536370167,0.9246004190347995,-1.1440908154867566,-0.5380304467812365
0.3374191961801449,3.3690104403075645,1.068447007058047,1.1960966496821013
0.9957807821697934,1.6322729791337836,0.0578886813450331,-1.0886398308088745
-1.2011055002494957,0.3356782565093633,0.33939010851025103,1.698526058835141
-1.57544542478392,-0.6344247831012276,0.2467799069503473,1.3997736657415356
1.1811994144195552,1.648155796736412,0.392731848601597,-0.15790819183868263
-0.3230193174993284,0.05767186262296253,-0.6920436747724259,-0.058029706037173084
-0.7573510608501038,-1.3758775968164316,-0.35646964762077205,0.39442748388784066
0.8170889073629364,-1.5659813730732026,0.4265128149371608,-1.7720671700723056
2.05797896053447,0.38565204348077553,-0.8533111104496774,-0.0005818332718448349
0.002915832874131501,-0.06955275748464121,-1.1275985761009997,0.48899124685607076
0.5438502849306223,0.9268745985240647,-1.1929848613359622,-0.13476214486163915
1.1564481699875266,0.1818847397969978,0.5822215746459382,-1.1844935211034584
0.17733478765978591,1.9073002620018904,1.4478981128079402,-0.5649388887924773
4.419019713841528,0.1814185786758869,-2.370456173147817,-0.016705020452547372
1.919049345867187,-2.4738809909222423,-0.9286054906061583,0.012161078825636445
0.1536860306754775,-1.3503833790548498,-0.12462084046973111,-0.48697389232310995
-1.9140178704465958,-0.3970059803323943,-0.6378915301200069,1.5913358276006926
1.542065461984816,0.17254654897098626,-0.9929119826335135,0.650463267708973
-0.23809556716655164,1.6912862415949326,-0.2666250442899122,-1.6585156008056616
0.9860207461471224,0.27055055930033517,-0.6669726664665944,1.6196185931554556
-0.3923409304996953,0.8495488134642648,2.0214841180869456,-0.7883872884935331
-0.5928121250400676,-0.3928470500700607,2.088143296465239,3.2009622588134694
0.5566167369412249,0.7676531552296724,-1.0617147184922395,-0.4881366064967418
0.22754587088133654,0.8025797714183842,0.9553722357300805,-2.0334131587502737
0.12885454267049115,1.170746843155398,-1.6539920319981005,1.5165556468285801
0.18827781344064812,-0.7821109872850589,1.146840534982575,-0.9949382847912999
-1.3800619847604798,1.3113241123343737,0.09957918122837614,-0.5980771630707854
-1.7102486432324286,0.8190419597939117,-0.44033359478872497,1.550374053941391
-0.43928209443099303,1.7639595638050594,-0.1969143618823221,0.2246873748018684
-0.0022912336637215744,-0.40357752215776166,-0.3916572469002235,-0.6867180734629387
0.39374323369036673,0.1742987820883118,1.6842066095814539,0.2386039126760287
0.5729472033462454,1.756693642148385,-0.48002523520371443,0.41378410806256644
0.9365079841973013,-2.080266384475323,-1.2202339993356335,0.4986734596508631
1.910756111466435,-2.438282680450044,-1.50120560264015,-3.7838564984501892
0.733399992391471,-2.0913890196931746,-1.2765304593727873,-0.19931306726651607
1.2460127581985303,1.5219898848529063,0.7486534011688991,1.332446287217147
-2.42446594912679,-0.6601492040879198,0.19250379760276076,-0.8140523443904452
-1.6133313556009425,1.4763114237393529,-0.023188676290589613,-0.5090836252289488
-1.858867469758751,-0.23480023318159893,-0.3255726307933076,0.7920890847587317
1.6828015000643044,1.969493274828868,-2.560526832555916,-0.5340545157044037
-2.5054743685294016,-0.763538612896093,1.54391697622521,-0.5597251659720928
1.4983795519660819,-0.9136730473964274,0.9225457774598723,-0.42933581798773474
2.502520264768051,0.058748444099220046,-1.980649703166337,-0.6851395727906198
0.6572041016769716,-2.5457379876594652,0.7520439896851585,0.07817500116691678
-2.213838519174772,-0.40874659328017915,1.5064099821353771,0.4161757549050688
-1.3733541557198516,-1.5306007625550433,1.8643476020509986,-0.7704936982379987
-0.9869112105465949,-0.4229109821064559,2.288319870620861,0.5227219533697898
0.47964480927568376,-0.8853748564815896,-1.3784029855426139,1.6740237325449778
2.1011516684187517,-0.3469058351594128,-0.8424347979760822,-0.45045728720981215
0.6516307581428539,0.8333791096437619,-0.28159292516623186,-1.5887037716552497
-0.33343450947402714,-0.6287993145202914,0.885613218534426,0.5557956079093335
-0.40975779580378546,-1.4025841070282121,-1.581115510836078,-1.4258859511349344
-0.44127741742456794,-0.13532635469444526,-0.9153477458672513,1.4162953655339512
1.1088086164800561,0.9717820317994272,-1.326209432386743,-0.9365702402179
0.8372031320475058,2.3839199709212204,0.005363883406352076,0.6185085232824185
-0.01481918792764749,-1.176047199896537,1.228334304194409,-0.44975906507288077
1.095185319379362,-0.6189195056841055,-0.5227615160135909,-1.4228901174744921
1.4736825971810603,-0.7163721601206369,1.699232292835095,0.021859167829482183
1.6057031773089079,-0.5170809688604546,2.1375369774141304,-0.49703517564450184
-3.268706752028015,-1.4410647437854045,-1.7056727301105343,-1.1673860069691668
-0.5237461778728186,0.09385660323849614,3.535318078544672,1.8014036218420824
0.7885598005198147,1.599574671266293,1.266245484262157,0.9183225383157831
-2.0326845194818217,-0.14052060657630913,0.7198949159847207,0.6530385110464786
-1.6019801645890055,2.3499921864791258,-0.7281026327141791,-1.7124790479797594
-0.724166346175811,-1.0769521884187114,-1.7294088282187587,-0.5506684964244027
-0.35058192128516813,-0.14153687766574263,2.652761022884133,0.6340327623855659
-2.558945191420947,-1.2022396858821858,-2.401588934033569,0.8770535407707816
-1.5364688101973092,0.5520889866930739,-1.5888780210196494,-2.329060927982209
-1.1247334493908756,0.8319578739841426,0.6083905117413358,2.0088396509395583
-0.46731563421675004,-0.9973645174097332,1.824938537635454,2.917664926679881
0.6371316510864934,-0.487988413194419,2.413036373884014,-0.5002984523064257
-1.8837117360115385,-0.11904650361478476,-1.657876006070833,0.3221901942337451
0.007523964881207765,-0.9214738468310676,-0.46692693277040986,1.9041714120661926
-0.2627998846486741,-1.2990930053433678,2.3454953264614424,-1.2272881787217504
0.5524833246681083,1.0719396757360917,-0.6827252067521107,1.334133764614261
-0.543688191272236,0.19586568671817395,0.6885405769009553,-1.006855003809619
-2.3621761583921987,-1.821279429410901,1.6641191302879843,-1.168875164988071
-0.45783361266932154,-2.54026395665543,0.49153696636664235,-1.3647961621232438
0.17797115147034512,2.321434494055564,-0.7603627733849786,1.2621664663197216
-1.4780189085639677,-0.494325492577379,0.9518302664199052,-0.9445009533535327
3.0247789559176304,0.9407958656523091,0.01365551323434432,1.5364021196659225
1.7735302283814571,0.3868762449555509,1.0995186630564393,-0.9525274105141317
0.42069039702928807,-2.456934247522779,-2.2627728349747405,-0.06522045189223956
-1.4860157431370025,1.1906091872745588,-2.2345469089184347,-0.1928946628403946
-1.559708205062506,-1.302880950273076,-0.6906570025658236,2.224248947601855
-0.6082041230591244,-0.6476076175484747,0.9230980812053917,1.7294960139053286
2.051848671847934,0.3639693045427409,1.1065165434141737,0.8189109077318064
1.8608272809170674,-0.6238279038968467,-0.5183035964182597,-1.069338782218368
0.05836864502158978,-1.7096964513380808,-1.7335685996379182,1.9619625794339826
0.34054495067033586,1.4834098438449597,0.7474704114828876,-0.7975485351227624
-1.4564753001803357,-1.2717735726670467,1.3606451723454027,1.2732293972483892
-0.9210009672533893,1.7048965566791616,-0.19339785798607348,-0.5200891389420469
1.365908014826121,-0.5980862243779271,0.25188582889089095,1.0023284237507688
2.080196409316754,-0.13068469536889415,1.0918045966706704,-0.18663356236870046
-0.10422134483759155,-2.353663222208845,-1.3901971761358682,-0.3775348453423839
1.5075692297007726,-1.1171546892837407,1.3155602671474982,-0.2538879199151227
-0.7306637440200904,-0.44469014055284456,0.7221011868730105,-1.6646287579926722
0.35383207381214254,0.7276020467682013,0.6585893084500407,0.4475681276629222
-0.7751375583198267,-1.2262537302348202,0.19072570862228513,1.4296849489752028
-0.2879147096655794,-1.551591437211398,1.1279371010936665,1.6317431986640403
-0.4366005782582136,1.6805277637354317,1.1574639306301635,0.6072456785810425
0.2601461987548867,0.05738278589412971,-0.7290474568062061,-0.24544199374357084
-1.4714399930268924,-0.9913173647747273,-1.3841999539065148,-2.6199730912607784
0.38517053524088024,0.8763195237214535,1.2705454197111892,-1.51239155287779
0.8541145554757288,-2.0667161121965205,0.019366164052476337,-0.04058652475534929
-1.4504654024201182,1.4194379425437638,0.7807346797106438,0.3360714307484764
1.7022679680720758,0.5461467619970808,-0.757121994219813,-1.7035598538250718
-0.9483102537080407,-0.13655424425996524,-1.22772202754829,0.23513508933486085
0.8484245172544242,-2.14119167824472,0.6869331382553626,0.20221895062464815
2.557272472904405,0.43353788851333985,1.8299225626555067,-0.6992979579183399
0.4055239797439039,-0.5798936177699576,-0.5713708025851689,1.4189197070031658
-2.806238310604758,0.11846639362024937,2.2034358158810057,1.0164802295576678
2.351133978494604,-0.5010544625497368,-0.6168993643168836,-0.17650347088911464
-3.2501649666836165,0.5772249865121868,1.5740437754979963,0.3857772424610268
3.0152646806067493,-1.4950550194066978,0.1550623540395604,-0.7240238519222397
2.181659801046632,-1.4794497138887108,1.8926880199864702,0.8526631682354985
1.8625566593904614,-0.9170991559244356,-1.087820162295755,1.9670650223406716
-0.501185933468827,1.2489172773953061,0.026184352531574525,-1.7515734392948135
1.812317179818539,1.0143358842962524,-1.1195280337449327,-0.7216276147080383
0.6404566708953653,0.5749756162293631,-1.680614589047449,2.2584745295595434
-2.0931642884408164,0.2870910278509527,-0.7534530433787455,-1.2239638718682895
-0.8251222702714066,0.038798516678694224,-1.1469099751405143,2.6112702612743464
1.4746806787422608,-1.1413687027387238,0.14013838285183264,-2.2285034246430833
-1.6192709897246915,0.21342672925230768,0.3230150835153371,1.5292580479150906
-2.0329241606735824,-0.9517149870065528,1.6927617980250025,2.548697260183913
-0.7044833483865595,-0.292569040211782,-0.12888018139066967,1.3441943942111005
0.7970147930200259,0.08327837136977892,-0.30382549930355035,-2.5849574216192446
-1.8576568369862658,1.8379073698660118,-1.3980077982637291,-1.191080257296797
-1.513458180063877,-0.04660727223461139,-1.1073483680623615,1.7848764595198285
0.6386213295012056,-1.4583160302001406,0.9255890993218956,-0.6666060730932385
0.0820159755438169,-0.7758982692094685,-1.2305924405663067,-1.3411312987973205
0.6443065692321883,-0.9735370791820235,2.4523089331163557,-1.512938018142125
-1.7617540435600918,1.5927474380964906,-0.20466498565061217,2.314805157734487
1.8954202434722134,1.529614257010629,-0.5344601397760552,-0.7900370929872322
-3.0561619398887334,-0.8938413464682216,-1.4556168196307093,0.617367970659001
1.6632341899227912,0.06120180588595074,-2.5835939399067436,0.7490139283958688
-0.8836014627697464,0.40967916478673694,-0.006262236770465129,-0.2260212086250961
-0.5443014274472262,2.1196401973847556,0.9600290964952569,0.8886996333152324
2.5386720444536177,-2.705300319696126,0.7488576880208495,1.090692201722789
0.7943826395882528,2.8074388365735343,-1.0957275286650492,-0.5161245926675965
1.485881995952425,0.28691425187403613,-1.042893819184132,0.3511652947754234
1.1106287460350313,1.0690909358025833,-1.2353212718616706,2.338249914150275
1.545268711517612,1.5920371911023308,0.4131220994707207,-1.2632288143571495
-1.618816288795191,-2.4725850265149796,-0.9426946445789229,1.6384724740794399
0.7310158167696184,-3.007328224474951,-2.4718721898289324,0.9743505336576408
-0.9982357847432264,2.2511947031569384,-2.6256280868249378,1.317932724210116
-0.848777185759026,1.8082462595348268,2.220782698143774,-1.2367926083973075
1.694262477204563,-1.0456846841174026,-0.6236791696578158,-0.7650271015116692
1.620289705763914,-1.9912173478886863,-1.344882254954531,0.46299152436508667
-0.10004252867831041,0.3119647424633599,-1.9952374675780498,-0.8162280003061807
0.8429557411064748,0.6584515564304414,-1.473973081921129,-1.743398976387742
-0.7114515246321863,-0.37208376758464706,0.4474689644736707,-0.6628183352467136
-1.6868031374554566,0.12574482063167194,-1.338620137890299,-1.9992031255071516
0.33556260004413546,1.7667175046207917,-0.8781068045369469,-1.345261115151213
-2.736201642565732,-1.8276886206542786,0.9077887514127638,0.3228687874195013
-0.2924954284601346,1.7324711415125842,1.8818155244213233,0.8231899446169506
-1.1123790508028857,0.2308982652302345,0.09758435877014021,0.0945367849180715
0.4304036223882138,-0.7647785615074418,2.301985035384019,1.7570895015450392
1.2190869820308041,-0.16995173731877888,2.453706546835967,-0.40564063146947976
1.4388570126595914,0.5049518501565253,-1.0545656606424914,-0.8484837261549557
0.03260627713125106,1.8874854799750505,-1.1345747157937696,0.8028821892290173
0.4615748651659777,0.994085226782373,-1.4979667952900328,0.5557664086949202
-0.08886240126260626,2.306024109485817,1.9700936525068062,-0.8695334226142278
0.38497148282568316,-0.13227074403175146,-1.7827402227098832,1.1228442599347694
-1.348990043416814,1.9483165093722663,-2.1730711750219434,1.5278709160043775
-1.9082620935718346,-0.6330969977562627,0.4528035646535004,0.34936986828513944
-0.0442116511122642,-1.455155524277942,-0.4244551903808107,0.24185194480728003
-0.7526580326382204,0.07518745447823261,-1.2156680664891992,0.9286639002434511
-0.22140270373587623,2.1924463439981943,0.5103651088793041,-1.679237117167195
0.6129273202044947,-1.2184722317408552,-0.5219784147445441,0.24568444289255253
-2.211805531187451,-2.1244862262314315,-0.29635866146106665,-0.5021510666766829
0.886253031075684,-1.0471476597601717,-1.548549951686563,-3.2294586086070134
-2.226912950784439,-0.2772199416414861,-2.4710995889031677,1.8145035058908006
0.3668154302638615,-1.3420677282496543,0.9816905738327707,-0.37749550203378746
-0.7862634833583915,0.9466739027076244,-2.0246762706395645,0.342756953474381
0.3674928882325968,-1.3687899608735203,4.2376591944119255,-1.5933066954612602
0.7411040040585398,-0.46960516395441265,0.5574812827673372,2.070219251634938
-0.3813154697761678,-0.5642365778063958,2.388972896375363,-2.2484885524250338
1.0442464680458845,-1.9890736988054745,1.8232006682125435,-0.10978339781797888
-0.7871546989965954,-0.2876138300753007,0.3465381755259575,-0.2917794282960532
0.41624729939643806,-1.5239518961633938,-0.275124151774842,-0.09951932755154838
-0.9409121982287891,0.1491697795462499,-0.008026863016758536,-0.2280762989335848
-0.9375487847949572,-1.6549697906090235,-0.44229331585419174,-0.7660375964983185
-1.2538049802611508,-0.06397636275486462,-2.365952234589207,-1.5347439947889432
-0.5794933861570457,2.418139613965439,1.3899052490561812,-0.4338413686049003
-0.5764483796585479,0.6318483942742766,-0.3547083845416085,0.8242142345243109
-0.9308472432375613,2.8044446355629624,0.6097573487119134,-2.296102957802396
-0.9366585174015694,-0.49895942841010144,1.8473507150097608,1.1311566710182925
0.49653388879441096,1.268897778247563,0.5065235440990475,-0.45504355106966804
3.471636804711483,-0.145398388673891,0.4346968364249968,1.4860546132123644
-0.15118154312091947,-1.3579011623891624,-0.43038070844445625,1.384105178580442
-0.124461792198129,-1.6819265898981086,0.9303576555197174,0.06500304054164943
-0.13104424895254968,-0.014718274469335208,0.9750252248927257,-0.5963079488385274
-1.1871701211548957,0.5658630940245978,-0.38291491646740505,-1.9781575228358506
-1.0640796298328281,-2.204142892758364,0.37233745996460854,-1.599528314063424
-0.9858200948371787,1.7995877790746087,2.046536723616543,1.6391617112373418
-0.3132739345889085,1.250893678194868,-0.3815619071570778,-1.0837785220201124
0.25602435696104286,1.161059753149344,1.2380892136653359,-1.904849444909571
-0.8293185935208016,-0.12432031010358255,1.8073241008542187,-2.598495187941875
-0.19435308188867673,-0.2056950316808992,0.6327800931038259,-1.048401391132381
0.5226796613051403,1.5769110348194062,-0.29559419747416776,-1.7259739295672074
-2.37494885795551,-1.3963921349872315,0.31607313841713414,0.6148909910489299
-0.3885346137285778,0.43167653408382173,-1.5816102535799494,2.737067167057694
-0.8148087909335765,-2.179494123906316,0.31311529900286306,1.6207675140454774
0.5087062201116694,1.1877429723332,-0.3291520211388793,-0.807538712902016
-0.4675503824219114,-1.6818153445596988,-1.1322149899837053,-0.4959482486595852
1.3584079963404179,0.9790520041214187,-1.5449108657592874,-1.0297658852188012
-0.6807654484795804,-0.5002441623182484,1.357269565383083,-0.12083070324741733
-0.597995171684111,-1.9638152788192167,0.6350910168590003,0.6594284769500558
0.9285005699096879,-2.3193559142761866,1.0248729140287554,0.564843255920448
-0.5519374804785071,0.14053237470644678,-0.4569093555196029,-1.8530061407070677
1.4495714387208336,0.31889296763755093,-2.4853563147680005,1.211044748210489
-0.9935423110960176,-1.2296435848052316,0.6056426666357473,0.012387376217865112
-0.6032916123459202,1.5980386916984077,-0.5625889603976421,1.5204650835035822
1.5554696916898867,1.5695303458706755,0.12325955412342371,-1.85637998177743
-0.35247415388937164,0.5841417458448211,-1.1606937504114434,-1.7676379547694032
-0.669372738197481,-0.05554588733973251,0.9973415011344265,0.31277584780636636
1.8163917760483268,1.4543757532294685,-0.9676621582703391,-0.09337995645432007
-2.4185524275887746,0.5858802035330851,3.494517696492096,0.8890592961740167
0.7864529463771293,-0.4465365997869134,-0.695424425063085,2.097411099545228
-0.9547648442571418,1.5173222639835344,-1.23930213188845,-1.2413259380105068
-0.07399949657476305,0.6722653433987805,0.8593121240622784,0.10936469998155257
0.008295952061211906,1.0413118495325053,-0.6316925069632796,2.3873909419820527
-1.1534409635146035,-1.0443365235915762,-0.632709910460487,-0.8862974917560915
-0.36326924789690657,0.6666896673920927,1.6205166810750633,0.1845385396821042
-1.3887132399821849,-2.3238046390126783,-2.4499986996841856,0.8788249375130653
-0.10501480647374373,0.18442765475236803,-1.8739497358083181,-0.5911803205077327
0.9774052658673538,0.4400485320807188,-1.138583960714744,1.6781388097931837
2.0501819583400773,0.22522562120020578,-0.9436291826732388,0.8778931406025531
0.0022561886166863245,2.9873820633937713,3.028606490593696,0.8862568481992237
0.17660851206849268,2.405182798645521,0.08327285664887535,-1.1586021159784432
-0.02228339876102011,-2.829057295119548,1.4334049526642756,1.7685276046227432
0.5634720479742737,-1.0467571907049018,3.008822389869295,-0.12521303372070772
0.4500901718837947,0.25879300461067584,-1.2879480074265557,-0.589684950194782
0.6857142822118547,-0.026429978659245006,0.7755746379433293,3.4160650614313175
0.8154328474327526,-0.2276878763878354,-0.2395865849350692,-0.5311115827367576
-1.2306782042803663,-0.5098799708506953,-3.5412630689063103,0.5914081584361957
3.2840902294836876,-0.9984462687502652,0.9286969614969717,1.2960333287014307
0.8764819776550624,0.23827821087881632,1.977121025891847,-3.093848714158926
1.0092790689168099,-2.48349196455994,-0.0280315271590203,1.9176316562266706
-2.750187464214576,0.13405588845885624,0.40353605734058084,-0.472246840047945
1.1986731276205027,-1.9942689901691775,-2.614583567072894,-1.2614433835242456
-0.30199582626354826,1.5887657091801466,3.332644646179521,0.1934212510081727
-0.8357595317960951,-1.2587464668621422,-0.20819493555983976,0.7105186512370464
-0.934194837735716,0.3498234271135385,1.1499582342692765,0.8722579009793888
0.3749449509837212,0.8952482692505033,0.5424578210722676,-1.1873144267594797
1.4681559761087313,1.2621572801835272,-0.3886443808156791,-1.199107559758777
-1.1841831198219,-1.06957126599886,-0.36010704797930165,1.0646424759457014
1.2236637474939744,-2.3967558704537093,0.7069872100791235,-0.4803321702621965
0.39024521135562584,0.8397418172779816,0.16879657458180022,-0.910780279959031
2.2282809712875937,-2.107374761232235,2.0511948429177997,1.139640133220158
0.4431917912287369,0.9464990328608176,-1.7657603059038556,-2.390839697514045
-1.7824595267690269,-1.7139271208815472,1.1732286790396298,1.8107162935353147
-1.8173883798262598,1.6293078924410587,0.06278982607034468,1.4600903172144852
-0.2532485792607073,0.6463737058888918,-2.0164431475252975,-0.12722954809440823
-0.48370914555188677,2.900870208917846,-0.49063850875657417,-1.285574714174059
0.3276880064721925,0.8853355742431476,-0.7067634501428859,-1.509240569034872
-1.6420085109727183,-0.2585904913854649,-1.455881485894055,1.2364860817610996
1.4889240933637153,-1.7389632825619583,1.218542883742495,2.0663875708962034
0.6658402317186886,0.33206125778329004,-0.8314266729463035,0.25115964976543365
0.7180260157112025,0.46426098871021404,-0.38195398557758203,-1.981599493073192
0.5213991514398869,-0.28599997614947603,2.0082475650918634,-1.9076323379217561
-1.526100329382249,0.6704012462359391,2.018720308065912,-1.7757744999195615
-0.5132463030658598,-1.3027378287181848,-0.3630893627665728,-2.3722327906712315
0.4587388749830808,1.6006773786794286,0.5897773852000928,-0.7340340399266737
-0.04079399166852291,-1.0419078455239401,-0.2761248476479335,0.7704618342895528
0.7330076837151447,0.6547174149429188,-1.1471339206970312,-1.1002230658211216
-1.1315162596072723,1.144148987183041,1.3083124081756436,-0.32371183562836503
-1.8872397542060535,0.07335007086690244,-1.0467742332207481,-0.6868562985985606
-0.4940722278767057,1.448984141342121,-0.08402267550496297,2.1143462110804143
-2.805899477035243,0.4275068688384419,-2.354299178146045,2.032279017715972
0.457911105595852,-0.6041905639933355,2.1131977695153075,0.2642135851458731
-1.380001393173095,1.8630288462184483,1.2819995581026344,-0.22051194103873428
1.5342901793616854,-1.124540811988181,0.1497080635463512,0.24239697610362465
-0.5234376371730479,-1.263837543338447,1.1200624889881274,-1.7559826550417483
-0.30144351725549806,-0.45330497599746156,-0.9068282819634874,-0.8521345186088467
1.4161521995188495,0.34711470818148055,0.3131802932347576,1.3496826051030009
-0.10497405852789995,0.5141695928347779,-0.2825561132440889,0.5344586473884497
-1.5861011805023912,0.48667222247498954,-0.23366995901609688,-0.6821790108914153
0.19085166371112053,0.5377508604254658,1.5224978300945122,1.0370323104593981
-1.6372581628761982,-0.9973174749777857,-2.1665305630108094,0.16653393248389958
1.3559350274286976,0.6466084436400618,-2.483529793675092,-0.7600624296456003
-2.692668718349966,0.16949724185104484,-0.9726136137649282,-0.3931538950880134
1.5348571653567329,-0.7316710827743337,-0.6027716595179492,0.29708333137155024
2.339331929596102,0.2881190568185804,1.602294929447009,0.6194983122276333
0.4025059707641235,-1.5554124865829702,-0.005193408775972772,-2.7678604375562332
-1.9513651700990884,-0.715384223381615,1.2202215016565678,0.1705846342196759
3.0515361754018437,0.7367530794436318,1.8368179883511213,1.413579810162632
-0.27508265824855516,-0.20684825298185142,1.1942437814177955,1.5578096758843567
1.3551048531997552,-0.36055725545855816,-0.1774616707817741,-1.4708742301952065
1.524030233044163,-2.803268471877705,0.6227776028523805,-0.7122362108503272
0.7616170737055107,-0.14479579213074242,-0.5500562480414474,0.18481125470539797
1.4012440007165072,0.6583863016343742,-0.8420300406611896,0.7261825045831608
1.5245393745263591,0.3501600703655065,-0.48754594508312,1.8312272234702882
1.3386856194439853,-0.38901633496807614,0.35769948927706935,-0.24544186440087642
-0.48828593941288045,1.6045703906419875,0.5031065508306809,1.1928660109860578
-1.958079311982005,-0.8106014659927114,-0.8658106085530429,2.359632086657965
0.10044387108980375,2.8359452671046057,0.15844515558147662,0.9392274569073326
1.8315503211944086,2.4115224193754683,-0.8693555530117134,-1.0403421672827218
0.6307995325987358,2.457237026420622,0.061799664591573156,0.6830333005023973
-0.5808303198143018,-2.2836924431764327,-1.576476363490311,0.22755356291579482
2.259609833759527,0.17618402284519064,1.1681559539661577,-2.752581635459842
-1.5656216352927192,-1.901056345359878,-0.8833789107231598,-0.6645629028619456
-0.9065492803252337,-0.5281565618976448,0.5036263720163288,0.4198870485123294
-1.171516871842515,-0.8969218554019982,-1.7127376663491387,-1.6081584908799889
-0.9718262307696104,-0.9899619262085448,-1.3010097288246365,-0.08202842957550552
2.6055334892713935,0.9883394838307387,0.31473292846847417,-0.8713354012137698
0.44665007168170917,1.4454485436073516,-0.5601713223082581,0.5410360683950126
0.19977529301421584,-1.9523057002246103,0.46632595819052974,-0.5184850929264784
4.167570375766118,-0.46633641977962503,-0.16008002676705824,0.7498456153742014
-1.2992829021903924,1.2864497624131566,0.16675823075777835,-0.16136602994159574
0.5578701170883311,0.13083774293166808,0.9529885184930844,0.44830994329396
-2.5255129577991626,0.7236121243188901,0.19554157447313272,0.09207647202677771
-0.5817015718038682,0.5267902659140669,0.29779151306557905,-1.3943382235719657
-0.009859296113438332,-1.2902346790965875,-0.11336939288104902,-1.6005979338519791
-0.09200297006585151,1.0660345022020352,0.8466931895538119,-0.21020334739797028
3.0577388969943713,0.08754810836620475,1.203174463473992,-0.08572875617630042
2.5854250055356176,0.5008006800663732,-0.8563200852931344,0.48169653299864146
-0.17004147971937647,0.014418293913353572,2.0361202488670833,-0.037744966334573665
-1.3579575299490503,1.4613050348008554,-1.1626031249216406,0.4217469906269514
0.8323554795597841,-0.059471460654463945,1.2253646709932677,0.16637387541202528
-0.29616181357250976,2.545680401653752,-3.136498795450941,1.9974166990163518
-3.190919837118184,0.11058960805421014,0.23478986866083046,-0.5438068344499181
0.6113006282516826,-1.4204382149398433,-1.4232419500051425,-0.613554737589623
0.06648454515661631,1.4905603287766476,0.29721894449928266,-1.2716751266680837
0.3226631508714479,-0.10589758594566914,0.13588689101457124,-0.5337258505091206
-1.4076392924798014,-0.9456594941551808,-0.22371710815192145,0.9566092496723404
1.024854085749072,-1.3950706264655046,1.4970322155992675,-0.1752776532602215
-0.8605479739366265,-0.7216778562840193,-0.0913005912522794,-0.3118425722180973
-1.1607603375508835,-2.0122973873922496,-1.7093434303001593,-0.7287505869920207
2.075262465626238,-0.9244795882280533,-0.06344320644820929,1.5882830511958268
-1.4868238778097203,-0.2069887587486975,2.291533634821495,0.5235291424191584
0.7194269570162032,0.4591073120618764,0.7585027692514464,0.8289354979091486
-0.6525129966472677,-1.775510991101032,-1.8083113925791339,0.74184977374378
-0.3037607139246033,0.6445594054541773,-0.5023620034817495,-1.0866915153602668
-0.3218630218059111,0.4145342037975241,-0.3097471265246393,2.5826387654527547
-0.12891285432656954,-0.8821531554780926,2.0021263893617394,0.9480387577573598
-0.7844879264511317,-2.1354566417844096,1.1179128802321927,1.0588312956479111
0.05299747018703369,0.1274044558244609,-0.6693706774268424,-0.41450312442161996
1.2069042397491234,0.7560392307832959,-0.8766864667708909,-1.3206958789553025
1.1328932275222476,0.35517606746200886,-0.09757163041627903,-3.6895134854866987
0.9792846470603102,1.36488700229246,-1.1952510862290104,0.694409749658627
-2.3753943574460337,-0.6220690184277177,-1.2978000816855055,-0.7600584207424373
-1.2531882634036113,1.536901079870676,0.588686128349872,1.2008888418494907
2.2636441724261696,-2.81699729413109,-0.2702968139802063,-0.08951950154413728
-1.847528606997272,2.8269178222018687,1.0905189818251073,-0.9152138259012746
-0.15612137758856026,-0.1042809514209035,0.9138270121953054,0.7517786542594213
0.1614236143650501,-1.0029449356775422,-2.090167432276904,-0.3187666193830663
1.4683690985959597,0.7159069544366566,0.9555696199387309,0.1823386291266869
0.7467306601591482,-0.29004561139648183,-0.9567544158320416,1.1488704626602861
-0.6163902650173171,1.31614820384596,0.6542401341654901,-2.2834273291192404
-1.9678245506954666,-0.28753098444811315,-0.8205689269777764,0.9761266566979455
-1.4935421899424322,-1.4694656810683253,-1.4336254577910508,-1.5526450615529654
-1.253728642296885,0.5710947747949427,1.8302967834609514,0.3373281269617148
2.2460008215428924,-0.6116433259582633,-0.9423763573300625,1.280697898300085
0.8901842523991307,0.8062550972465005,-0.6709733953457669,-0.08211117515131806
0.5424941482422183,-1.7945785290408611,-1.6406969016525534,-0.7073958544484862
1.3861162581061783,-0.8572326966949478,1.0242735228655762,2.1427479626158012
1.173942271325485,-1.2106886099423555,-1.0505109336142833,-1.442308487215107
0.08877022751031814,-0.5245961208128719,2.1138469567621354,0.7152928945336579
-0.8108521854123469,0.11703861342538642,-1.0299156666951188,0.4754095057463697
-1.241822303340249,1.0104718354347273,-0.9225465596603342,1.2958459082212697
-0.02569815741035706,-0.0003943522133886878,-0.39792960718281567,-0.9386614296012694
0.1739072174372966,1.6790946930170414,0.8033192746992306,0.965348226801135
-2.284574483427827,0.5646010922388992,0.44083573787873837,-1.4262833148587426
1.0855214549595988,-1.0919014555797504,-0.1838836351699648,0.4834891961316476
-0.7177397471655207,-1.5071434420351764,2.7856645421794943,-0.2839293652580658
-0.44378589971334775,1.2268447642098175,-0.46978926663529913,0.7047915822086616
-1.5615266001484014,-1.1661490623903585,-1.0989613157910931,0.1214046026907718
2.6642261358356305,-0.7195485460601478,0.8823353218406828,0.5640683758871284
-0.42603843951900705,-0.26349534560683785,0.03278231505755049,1.0087371673169694
0.4318146826396564,1.2052204102813373,-0.2750311995333615,0.8060334527264185
0.013250286762389008,-1.7830820268965208,1.6384885685671244,-0.14051167632051392
-2.1156780402755433,-0.7188022536410358,0.9047099263212633,-0.031310370085919796
1.5486463123200462,0.7356617664872905,-1.9727934012511488,1.6305700708549464
-0.19174175192803689,0.5885214436684459,-0.6913705696201227,1.046570076115357
1.550322100132214,2.7153172470017792,-1.4603430909532968,1.160786207739613
0.15694338158155183,-0.5326141858661312,1.96288256083672,1.5582349784883753
-0.4766515898106172,-2.8511148701261515,-1.4597069213774563,1.0207399813847464
-1.7565878223207283,-0.0963906664216751,-0.7228110413674533,-0.7306358297519913
-1.2880936280965747,-0.9025120410995877,0.16458972280348233,-0.9643496943711198
1.357805141804632,1.7562971576603539,1.5837194745873557,-1.174194997428263
0.3659522570383594,-2.1972899172421987,-1.6248914060234352,-0.6845020367513626
-0.00535317817432167,-1.3224189651907412,-0.9835532571699277,-0.09365566495595593
-1.2465130046513981,-1.1792442712998663,0.9383990208546691,2.169986175337104
1.5586995459477333,-1.2086856944781856,-1.9652296396875388,0.7037545518907868
0.9290110475551886,-1.794367343568455,0.09716461978333713,0.8686399983069086
0.1297074829049165,-0.7165299000709351,1.8068534426545557,0.5051277147938557
-0.43673249070632325,2.770009995819255,-2.104337060820253,0.7530593259327386
-2.4480102837575455,0.5202092152011699,-1.6734495600604091,0.7954867421796923
1.2834861011720107,0.5343787581215552,-2.4828072996753803,2.4005541613664287
-1.208847602823891,1.3305304969497027,-0.7826694300698664,1.640107169931907
0.5261235785310077,-1.7782367130071626,0.6316492226802728,0.7124614277489656
-0.3600239036922512,0.6618722955092844,-0.5339685161403377,-0.09455864016391421
0.37219559031440713,-0.6600590530235496,-0.2674273776665805,2.1197783820596494
0.8804898785551873,-2.012934451323844,0.4087851086753984,0.6430817878800487
1.8364122391319972,0.5454378540184396,0.5645851073515366,0.521911460871668
-1.8399681445542067,0.8556607923293921,-0.44697246131404184,-0.18616565564817864
0.3334055253675407,1.8399928188327304,3.5040033336871597,0.5672050783733791
-1.4376707294170283,-2.250046816950346,-1.641188264329637,0.7999222567404207
-0.6874160868771888,-0.9919020581206223,-1.5769648152820446,1.3550600029172462
0.16045628331809575,-1.6346569256805952,-0.5606531221536484,-1.6218849982914638
1.7266475658214575,1.5956941627491938,-0.9468230292879358,0.6666765461471398
0.8939056376492717,0.31676940597960646,-1.8564628916954122,-1.725305068633966
1.0219837893924801,-1.0916410202991846,1.0510129388590652,-2.1618995630037703
3.230800396826938,-0.5422463091984285,1.588900958797151,1.4721622864810016
-1.6098084613504207,2.2699081438091735,0.04474118756509757,0.3335078291017822
-3.402453669158129,-0.38567371146189144,1.095315128160898,-2.5528311000126913
0.535958671515614,2.767476102687888,1.1598212449880363,0.04700812192885557
-0.4976297575823085,-1.5158967933013152,2.495760349844712,0.7923390564932632
3.00023797504415,-0.48358436892528517,-2.364855674331414,2.0437775207997166
-0.4056268685055201,-0.12633447069306997,1.2125224709400504,-0.2309431257307169
-0.6803830829249913,0.9778091416459603,-1.73446997777674,-3.0775540577562674
0.3852581823916795,-0.32062034927362465,2.5442837599423194,-1.5429317054912757
-0.8467217552635754,2.2223959561837705,-0.28386856486006196,0.2797631194949458
1.9694081401281933,-0.5264067139691567,0.9661979352006586,0.8857428644170401
-0.49072655091756606,-0.3968530199079464,-0.22087173875925062,1.615115771414454
-1.2495143615633253,2.420785946157484,1.8575988337336933,-0.47860649269462663
-2.1228050909912257,-2.2933528586880563,0.8535017443486331,-2.1649436385191434
-1.03150492878084,0.8394434360054254,-2.7748503644865297,-0.6133170635510158
-2.8186310400262697,-1.994683079060653,-0.17038482766865423,1.5811738311821648
-1.5084362573070944,0.087482494510814,-0.3660121223593712,0.9088795826120809
-2.9411199564505384,-0.32367763398741906,0.16592740468240344,1.0249385778426152
0.48286099295458934,0.4181944043767781,1.4163950172333588,-1.4080564065653172
-0.7517992225757586,-2.522024832249309,-1.361691249783781,-0.9739267208144202
0.34684249657748517,-0.11860502564816863,-0.5943837954997151,-0.21231407923004192
1.5417320119020335,-0.00686234835980862,-0.6147223292563095,-0.4413997681942882
0.3309828934366932,-1.0901137582840938,-1.2385997019152852,1.6825770289005628
-2.467612834147787,0.4714287316565985,-0.39171623767871205,0.22423543273585597
0.2751584748561798,0.024541625902400697,-0.6159465192040842,-0.710424015773318
-3.2516932269779955,-0.2980431683345969,1.0975174993394208,-0.15219635841832618
-0.4640590667239623,-0.9608940242124395,-1.1918799754182687,1.3172546780208259
-1.3288185098927268,0.5666451162320946,0.40888172199312406,2.6064015944502223
0.8485359297507248,-2.0807014837103286,-0.8592853377770636,-1.236289601424513
-1.22482516946403,-2.417624370776087,-1.486863754608124,-0.5050482823896072
0.14459722154693924,0.3772809784544938,-0.09045548498450089,0.32287026031188987
-0.7047229536656149,1.4464389952942363,0.70280538192801,1.7545208890744826
0.015730330896169802,-0.48781287150833763,1.7889411391392056,0.5660569169895882
-1.0381520296050557,3.1245338586298415,0.3982826661313372,-1.5294968816955319
-1.0235899188368278,-0.430997928596102,0.40995923349668867,1.2003485572145574
-0.5823897680795304,1.3078769138961333,-1.4670754183773929,-0.5714942481049042
-0.7092245647123483,0.8036537203066173,0.29475566094051686,0.08662973350297208
2.387657975009353,-0.2641969516563704,3.1883175409532254,-1.6525790265939777
0.7574684974654837,-1.463491884964632,-0.7090313592777133,0.6831030249978096
-0.8168430988082799,0.36107179645445986,1.2240956152428253,0.09584011362008464
0.24592068270073006,-0.6131076242522229,0.05861224175100166,-0.41731496211719676
-1.1476669647362179,2.8808243830261886,1.9400751469652804,-3.3821871134110513
-3.42074634549246,-0.19516490800800276,0.3499596723727298,0.11633738547932229
1.0953505936288865,-0.024266134076732147,0.3257984004367412,1.4927157441380294
-1.3742872433963784,-0.7002680582179941,-1.6248720904101357,0.13019927118177535
-0.022859768722381303,-2.0835363672024116,-1.4396740284510914,-0.3507732148295038
1.293723413687759,-0.868725798214663,0.6307089428156947,-0.6513285536613016
1.5498241720208439,0.17481367594825448,-0.2426636811144373,0.32265685317295895
0.8584010761624494,0.006927518826254436,0.3560562306352742,0.4135856756931939
0.3076960516715644,1.3571860552084019,-0.692107551417169,2.9828062468452456
-0.3369089736834918,1.4126548018393512,-0.9430260725741915,0.48732034578248606
1.6337142164095895,0.6182863599035506,-0.9035584167000993,0.9223444393888633
-0.7548022672251764,-0.010151729743549104,-1.4247114737903463,-0.06608183499334724
0.48263950380305387,0.23559640712706117,0.9352246066944704,-1.4757595356532367
1.0449948775796976,1.070409043497991,0.36769555485070116,2.4667775977110664
-0.4296894274067038,1.657844305569251,0.2151148745126415,1.9232262219855116
3.2886224147202134,0.3098569467148519,1.409509808323681,1.752634428357466
-0.3349266672639909,-0.18825702441696887,1.4474528438231955,0.533362102739941
-0.2677224672086216,0.2749526125731767,-2.0557325714349215,-1.7523913650156495
2.3589119862875854,0.47874524889458375,-1.6809790325841816,-1.5649097594697854
-2.6454549563984844,1.1706155161358252,-1.6757382297272307,0.8401211573799152
0.4177436971612478,2.4338829354142266,-1.5807354033348229,0.1104388778449159
-0.5681598818540823,0.9485253693459486,-0.614572795790871,-0.9923356009341121
-1.4187077263111465,-1.0208120493776518,2.4642766396182525,1.1476120605290734
0.18800544719504406,-1.7430458199046746,1.2817766019040413,-0.014868829310696961
1.1188871836004184,-0.7275646871942408,-0.4179149000664047,0.16582570431759636
0.02993002224244815,0.3691340389313435,-2.8376664853690228,-1.6178605270606734
-0.062125530319543695,-1.1401816197607535,-1.9645800342786717,-1.791412338244846
-1.863230955369714,0.28640433337637183,-1.0706812637972098,1.8408315965228814
0.5461062840850227,-0.8850445188531809,-0.7179059029267121,0.5398821440495434
0.6165693289225469,0.47006869900623915,0.2185519054650597,3.3078065838208275
1.4597435611490954,1.4888014295931224,0.663157578549622,0.450523197670541
0.1460867670223755,-2.025071493951165,-0.1108472535619987,-2.2031180423200443
2.8356770894517602,0.1900902433266146,-0.253588768960666,-3.046769313766627
1.537154885805144,0.21272719678279567,1.3106319419299488,-1.1861321299249297
0.3650908734619724,1.237031799248535,-1.8802406447976596,-0.5355777312288819
0.0034021509720732843,0.5486014666448191,3.1114679329577632,1.1840899519497223
-2.627954946514757,-0.2502602799170928,-0.8962498947667925,0.6406047694003228
-1.9764242607521318,0.4313108228441922,-0.5425996258457855,0.0623145291384174
2.210090989256034,0.8585879507416679,1.7857727222292321,0.3656540027864362
-0.38800404502437114,0.3064192188466936,1.5584152724899434,-1.1277084744870878
-0.32086947671191196,-2.594806157549895,-1.0948802729198672,-0.2665695383750334
-0.6569283259049491,-2.21355936446943,0.6342404582856083,0.5793491231855865
-1.2523300326836715,-1.576342906327513,-1.1243185770703283,-0.08790719418328861
2.5726285002724905,-0.3800720444896595,1.3613261099415788,1.3758758034562968
-0.8124544684391366,0.21630843975961772,-0.5626974368125475,-1.882443783705119
-1.771035595510931,-1.163007433867546,1.588182049112944,-0.21509297984558842
-1.9358570346025978,0.3673022321485931,1.1841581477967547,-1.9233886664843087
-1.524057654580561,-0.38128590499134074,-0.9132368142283483,0.22486225288166448
2.023545540866832,0.5479282467624657,1.6123755232495987,-2.2621759626016633
-0.05563842410341462,-0.2830364063656292,-0.6009482583520211,-0.2783052839521774
0.3282740343163966,0.5619970918435115,-0.6642248569257408,1.119008697552922
-2.9925832968374477,-0.7937540315358416,1.3833886915528997,-0.8236631661311447
-0.4937511188014936,-0.9655214931400408,0.7993407505636407,-0.6627715484751959
0.9203065363274651,2.4368896927470236,-2.086759354926491,0.06303968127752672
1.9685181726181875,-0.483513264790529,1.2248977148913656,-1.6401054163324522
0.5288617993387142,-0.6950266710852377,-0.6241158308101313,-1.9351871202905209
1.6122940599500366,-2.2631974019264818,-1.1379912567882429,-0.17192930399069625
1.2967393809265715,-1.2682115174172808,-1.9115370186752743,-1.8086290409273373
1.3253030038589786,-2.636135917306541,0.8466011596459408,0.8440167041047741
2.184792015651262,0.17247887101404677,-0.6998181589447422,2.4958190372096363
0.25179850085132527,2.5618563974089152,-0.5799310005752368,-1.6550942656954144
-1.235458365205099,2.1334780682462076,1.2995388970540995,-0.07338047659873959
0.2784886702148239,0.6537039709364725,-0.7211020726640739,-0.24335590478151817
-1.730260324099389,1.5683888766416978,-1.3138616055448589,0.7299660544222413
-0.823140936893639,-0.11906934936863833,-1.966665466789083,-0.5446267822269977
-1.9160373121360617,1.4041211617256397,-0.08385875731250195,-1.483450491661132
-1.720751150285674,-1.684524953156418,1.1213142641746199,-0.30478300963094584
-1.7901819005672885,1.6449316941907366,-0.2825773809285936,-1.2997707977192745
-0.585277955321123,2.06074783207669,1.1237576732307493,0.7089406422249916
-1.8329182518316296,0.13680470019140015,-0.5106332356749353,-0.009152106240172537
-0.2511869161281325,-0.526369983177503,-0.1528815248736857,-0.31510658510879874
-2.2008783082961627,-1.0461783636091653,1.0944669654853016,-0.7142546594806243
-0.6520344689580866,-0.5110540089262207,0.22804374090187018,-0.30607212636107806
0.1360042187530672,-1.3080049328145718,-0.800213565491505,0.43976153677509444
-2.387091124206433,1.4757550247946276,2.187670270479413,0.674728435834653
1.700907223726173,0.24108960574132915,0.6379076244285183,0.08771301392595368
-1.5502696211257752,-2.557635294454659,1.3464222142410835,-0.9979194988291926
-2.2852594610094825,1.3706442395084142,2.3311779161044712,-0.09718246342806232
0.7274263663059201,0.3811836892723503,1.8734572390846456,1.3786775149408248
-0.32027635237073243,-0.8516207391701417,-0.8280256860588989,-0.12290156546922869
1.7514530005593054,0.7115334599566846,-1.1114215725446308,-1.1539737811201103
2.060834322168151,0.05281153708593496,0.9077943695014647,-2.43697639883242
-0.6148767714521108,1.0689751067695832,-2.0387099952946786,-0.46379632176413077
-0.9480282831398474,-0.2249149059645984,0.025421409115406222,1.410329304682836
0.08343635443244173,-2.9449159963217264,0.2025481470713807,-1.021064013222564
0.3564951314599878,-1.9538749858896896,1.3609202130403273,0.6856739148183525
-1.1066212981836463,1.0342975050705039,1.6978948990780605,1.746371297518892
1.8135774433286929,0.1268166559241461,-0.17217145114594828,0.09889963543665468
-1.16398630210244,-1.9383811324059992,1.9021346694767465,-0.48528417160850573
0.5971282699267918,0.2614285996159623,0.8243186710043889,-0.5879529986906318
1.3915914769013877,-1.0400594691420975,-2.1674917569763874,-0.02366333815814885
-0.5968636841760284,-0.7331923327282025,-0.59738612010698,-0.2827126489505815
2.8670805707006286,-2.088619268175702,-1.3558760234589309,-2.636312176577261
2.507957332315576,0.1939899922019033,-0.8428734395426937,-0.42228997090584774
-1.0797202888437696,-1.5309843710545272,-0.845825491188805,-1.0512863248656572
0.6342479502750232,0.3590170550155007,2.0974718252357145,-0.0017465097760633996
0.09044997310400235,0.7339003259125598,2.031770953159907,-2.3682273222684502
-1.4553500846344647,0.7733107738109394,0.47656241727717985,-0.8429860414956786
0.8093131073878262,-2.580157459144107,0.11954887020616867,1.0097869010148945
-2.127149570139296,-0.9515846816688213,-1.5435880184849817,-1.3087660993630894
-1.3357424348804403,1.0717794970846737,-0.14842893918185995,-0.4099795890965258
0.7835030970868486,1.0363720614162972,0.028887061834911357,-2.5720261629832852
-1.23187213831352,-1.4410930611796082,-0.33033822368589855,0.3981279733373549
-1.1376193873746197,0.5621887074954633,-1.2861170270199358,0.33495314632974355
0.5457652347098692,0.7097319647119321,2.376292346766123,0.3912876350317849
-1.094363096270628,0.5837345739302826,1.044766240735857,-0.8140026375348579
-0.8119689694115602,-0.21779917001909246,0.009008052688275413,0.7508601760209246
-1.0262476967599246,1.4658113387154406,2.5124157527405804,-1.911433522601495
0.23296354734711294,-0.7799127590253745,0.5912031578384919,-0.03928136245774368
-0.21711635491067216,-0.1136447338739503,-1.1972125755625787,0.5992417751157959
2.0706618020389613,0.2948730718801356,-0.6399402463200122,1.2342442699705718
-0.8965392734484122,-1.5368199648835374,-0.07777938192956307,-2.10965296222904
-0.45683870056426684,0.4344289851532324,1.73802816897097,1.9850092945801185
-0.2697013804621747,1.358034908975772,0.9878414736927731,-0.013186825051767145
2.1979045332646434,-0.0706285303280551,-0.6765409135721571,-2.1547341930074704
-0.20081728324224513,1.649895516079287,-1.242553439925337,-0.7729986550220359
0.8071170647826386,-0.05055394837118347,-0.26577971964814967,0.6767482795853269
-0.9192146389527758,0.10541681000841915,1.4168039084322435,-1.116077808163998
0.9310161592667774,0.6461546106757766,-0.5064999832454161,-0.5199306526232207
0.45689188340390796,0.9139077132965759,-1.0246643629295897,-0.11779737951531163
-1.0655083157277427,-1.1268144752068745,0.03458984162229438,1.838739467642004
0.3879855543337695,-2.067550449990707,-0.1820943885427983,-0.7174746608506026
-0.8601475782868518,0.2184266130835817,-0.267771944669548,-0.2580628368872356
0.6310683474885359,1.2396293853465001,-0.8027558081134887,0.24202448639813046
-0.6817279056640949,-2.3081393071958103,2.2686061385466343,0.9298924901489144
-0.9645493659488052,-2.8453031771202197,-0.29898802223473053,1.048201402437692
-0.2736116504029319,-1.1238717506720688,0.889219475689984,1.501907831912837
-3.1665034278834936,1.8810834699486345,-1.1941201064063889,0.10482264646305682
2.362506309051364,0.6292008941644907,2.3511620328552847,-1.1841356782411925
-0.3331975413678778,-0.6903126462611405,-0.33991365476358615,0.212186016908296
-1.1001676295899128,1.2559709134228356,-0.8455293771742265,-0.039378383958618174
-0.3976280621220446,-0.06931184090012951,-0.785185551935576,0.22987627948787007
-1.581454356843012,-0.8060288745251873,-1.367910074434573,-0.6616754888722869
1.59773546659305,-1.0138081393462839,1.114059842005305,-0.2570635744287045
0.9219533475876173,-1.8129021935177128,0.4466822485355893,-0.6530309988129455
-0.804736930808593,-2.2542873591359194,0.8820802285025441,-1.8798764486367086
3.703817316045354,-0.14413548799657144,-0.9540223966641495,1.247652336551301
-0.7208583135881917,0.006759924966903487,0.5138763789756037,0.9308405899891228
1.5493327213552646,-0.9254753580901707,1.4144503612644121,-0.380236626673114
0.37766202469607013,-1.8235087329557038,0.14877241496976176,-2.4567937919304135
0.45544760143851143,0.6741135027219967,0.020780803410585115,-0.90734010448329
0.37402390646304357,-0.6992742526943035,1.4235782861113495,2.485631516263993
0.226640870837311,0.7923676311459792,2.4286548609286065,-1.8009971966445744
0.5672499829714485,1.0454112747261952,3.2280047848856706,1.3005797124909855
-0.19734164622757927,1.1651378590505883,1.257336065982473,-0.7233379646935058
1.3795118822614434,-0.03242546936053356,0.3100361260733197,-0.8368092976946356
0.4611531010145277,-2.083153660834983,0.11109289014376854,2.5598752607118502
-0.0313075591875205,1.462367959578856,-1.6681307755605417,0.17670423806280605
-2.321496691191852,1.816863186773256,-1.604075366584655,0.8439026531553636
-1.0523565530158279,2.413515479732195,-0.27700435811161717,-0.01401928437973983
0.21217501951519224,2.245954588747099,-0.9681568218545513,1.4747449710097444
-0.1412976049102694,-0.6729311746809651,-1.996467007662674,0.08730430752640969
0.6226115612820192,-0.5727274252116904,-0.841768024645976,-0.8829547307949954
3.327611391120637,2.0196138618098467,1.5118793900118603,0.09673439529509407
0.19734221928670398,1.2465099533895592,1.119750576947884,-2.235949428797188
-0.9990865690591039,0.37949191048164477,2.374922635394759,-1.6164909776600018
1.2963167999674872,-2.159800513968155,0.47209841156510374,1.139573823172398
-1.3422822208648568,-0.9777902819247849,-0.3833103787661416,-0.8085250494906184
-1.7408651296815514,-1.4677850467187434,-0.9332016307682249,0.7046615656468437
-0.46596378415437645,0.9728604901230663,0.785675846482432,0.8936427520724298
-1.3590748528787608,1.7761162797739787,0.9135899525145187,2.273887025432244
1.5978831788526302,-0.7867722015586275,-1.3849545602084645,2.4014415684928503
0.4324849202018064,1.6889303601690013,0.23957020790203024,0.8544843602357695
0.4547899209182977,3.3760282424495562,0.07281260019223808,-2.0990914719595346
0.971216631089723,-2.349191255879777,-1.274984299890124,0.15019965594518112
2.94273928625028,2.2821642487132077,2.0043802601515672,0.9505338414209809
0.9939500132506578,0.9771751790928012,0.9710659587712057,-0.747962724928342
-0.14547728749211283,-1.037487211519657,-0.03197262334867182,1.3621539366122732
0.42710656528788415,2.176325630742205,0.3843010678193845,0.4834884011484025
-1.0266066901417041,1.0674926795115476,-1.6444940697779171,1.911748539848262
-1.0441813542341776,-0.06213182810365684,1.0392178916011947,-0.8553515161523576
-0.10215497873565008,0.14122728265544135,-1.7049546420269963,-1.1869045508211309
1.1657913419187196,-0.9657901975774073,0.9393838029354898,1.24212669389438
1.051870226077584,-3.0878627887850065,0.5759426251044941,-0.3795436234378727
-0.4437076971515705,1.272498390031651,-2.0192908854187355,-0.07710826631048442
0.8870284957354405,1.35606241078293,0.48119144423437077,-1.9606170102792326
-0.21453784562322017,-2.684754811074918,0.5234523711299834,-1.5550319762269056
0.7170776259044074,-0.9714831196270641,-0.3033133485556917,0.10638393099279825
-0.5238705106186836,2.446285018900906,-0.46713720839805206,1.913204806865191
2.8152647500268873,-0.45641182292603827,1.0547630673963162,0.908389210575824
0.904392457826221,0.01781840847175497,-0.5985254834997529,1.8513476006339302
-0.22261241735972484,0.10130640896859254,-0.03973873903392807,-0.5789507050606097
1.5994154102543945,1.618358531935447,0.6808014229249947,2.2269194340793703
-1.0690657239955603,0.3600450368905665,1.075762831697124,1.4515426098593565
0.5903109506224794,0.7445480715162451,-2.022713538182455,-1.253389271866716
0.7919200837616447,-1.195354721447333,-0.2539036862235556,-1.9495975488976618
3.3789686486187933,-2.0684565013900236,-1.4571255058283121,-1.1488597853175535
-0.6252578002431703,-0.6942637789004856,0.31837365640765447,-1.4868564987661141
-0.28098448477331844,2.726427010689959,0.512253704887972,-0.7693593757337984
-0.41436713401512865,2.02070690764286,-1.507038967034158,-1.1085102134398244
-1.0641929911428083,1.0251087551873792,-2.851154762270816,-0.8170322709361565
1.2439974036054806,-0.10301984012904851,-3.684805909211324,-1.0126380317464716
0.9080982064246527,-2.3699063433944696,-0.7513456634955855,0.10766290367130484
-0.25096699307740233,0.18187543901355888,0.3154633867947627,-0.6595439319756411
1.7490500052425608,1.5263618038950615,-0.9697630234486819,-0.2969553140176342
2.2772175388542095,-3.5817086109172918,-2.229307015271075,0.9576225849274768
0.5632077393295973,0.19189963194071868,-1.4697002318192303,-0.2489279983843892
-0.9972899758249725,-2.8854197480310613,1.2562444532412367,-4.141584495773926
1.2534691387062142,1.1699057144700022,0.30042384958855584,0.5509329927022087
-2.4139918866943386,0.7699937066802883,-0.8649650963439116,1.948377077833428
0.010642780427680716,-0.7527419304173324,-0.19050950205346012,-0.07163916758968597
-0.4023143981421237,1.276709675613486,-1.433718973339961,-0.03623864586332751
0.09867925882155915,0.637062391527465,0.8595113525409531,0.8362131215379996
-1.7063800212394569,0.746715788612139,-0.1253537984043042,0.8297803144658844
-1.7830785874959514,-0.7048273321841233,2.6520664173124135,1.2093924944485388
-0.11538887399560181,-0.6717886680950954,-0.06735880291642894,1.1714322643673099
0.43349201614995264,-0.8792986272916644,1.2948085154858326,-3.8882799525287353
-0.10811475061554868,-0.9364488737436645,-2.72647974890319,0.7808348596810644
1.8932139040548097,-1.9148878398932434,-1.6509195606351927,-1.1669400110158505
0.6329663845303881,-0.3273505354235769,-1.3159128958109716,1.1498142472836368
0.6788157987667416,2.5779515275928166,1.48460848912676,2.1760479571519844
0.14885832083007292,0.41614884379967815,1.777563124336377,0.0907075148482625
-0.9491918485237508,1.9364316287023229,-0.20149225994790917,0.7035206070634923
1.5591979974369632,-1.5222433308575536,0.4493824281192977,1.8315387260959815
2.089881820139699,-0.034210565881293835,-1.5140185034875966,0.6732575974384295
-0.6107120954167574,-1.3360928105751804,2.5421017129093797,-0.13267004324335857
1.041846325655738,1.2641492772841196,-1.7898503622976956,-1.1435912944180284
-0.2650434791037715,1.2407567352105524,0.07441068195274511,3.207717470544136
-0.5856831279212857,-0.2295894528876553,-1.926577480328198,-1.005506863509301
-0.582401416661186,-1.6689141784111172,2.8340921113936566,-0.7426262490940512
2.5480905132747673,-2.597710084251181,-0.4570010117744325,-1.8590098410530393
0.2716747038889629,0.47334130153010817,-1.5403196793490725,0.870421791848103
0.026261984943854975,-2.2611032148768095,-2.553602729170088,-1.7015524434948734
1.2650189454949612,-2.0483819020676863,1.191516781960498,-1.8462726343742593
0.14366478587482437,-0.8791349415863544,-0.6289636428594764,0.3976731209941664
1.7708377030923146,2.503448995910418,-1.196160318316032,-1.2729068497577003
0.7997095548527574,-2.805098754293387,-0.6625795379590436,0.172317278803321
2.1705518082105484,1.1310313878069378,1.26570465705386,-0.9101514964055276
0.05884793841800186,-2.0465250311051046,1.1492237257940066,0.039220694795568306
-1.149912235296742,-0.04891007990065964,2.6882607947737864,0.27958694735864076
-2.068439250014819,-0.21258167393971883,-0.5839837637813029,1.6916959238661158
0.4788165792472774,1.344241045980859,-1.010619743973546,0.9039210144992018
0.45833232413174607,-1.23913677197805,1.0811810160415696,-1.5642444963008943
-0.7400974121662207,1.0998219021693785,0.06087929832368026,-0.8683835929722766
-1.7415914946068363,1.6772724414091158,-2.135466639405597,-0.3688823619324046
-0.14179052946040285,-2.158112637819581,0.7037483453830431,1.26236369266972
-2.500119526524576,-1.505044375949881,-0.7760786953745634,-0.5316723951375313
-0.2850987143604427,0.7475022178309708,0.6198009636634546,0.7104768181192226
-1.190559582318621,0.4359305786521139,-1.6753318639125663,-0.022866002298987418
0.8600326722711449,2.3186310946498496,-1.07627738427359,0.7692128749353986
-0.20049287367613886,-0.6180816757800622,-1.1362895782612166,-0.06953180617165365
-0.9226798437266526,1.903542697709927,0.6910479673570177,-1.8176597644281036
0.7499065786594598,-1.7481124601911544,-0.16236899398716434,-1.3195926472495954
0.3063011115981921,2.6665090198871946,-2.1135759306209096,0.3465357122743472
0.16621248957069035,0.6195935161236402,1.0196926553168952,1.5744283347707475
-3.525471421234568,-0.8765844285645636,1.180445164272459,0.7536756727799409
